National Team,Number,POS,PLAYER NAME,FIRST NAME(S),LAST NAME(S),NAME ON SHIRT,DOB,CLUB,HEIGHT (CM)
Argentina,1,Goalkeeper,ARMANI Franco,Franco,ARMANI,ARMANI,16/10/1986,CA River Plate (ARG),189
Argentina,2,Defender,FOYTH Juan,Juan Marcos,FOYTH,FOYTH,12/01/1998,Villarreal CF (ESP),188
Argentina,3,Defender,TAGLIAFICO Nicolas,Nicolás Alejandro,TAGLIAFICO,TAGLIAFICO,31/08/1992,Olympique Lyon (FRA),172
Argentina,4,Defender,MONTIEL Gonzalo,Gonzalo Ariel,MONTIEL,MONTIEL,01/01/1997,Sevilla FC (ESP),175
Argentina,5,Midfielder,PAREDES Leandro,Leandro Daniel,PAREDES,PAREDES,29/06/1994,Juventus FC (ITA),182
Argentina,6,Defender,PEZZELLA German,Germán Alejo,PEZZELLA,PEZZELLA,27/06/1991,Real Betis (ESP),190
Argentina,7,Midfielder,DE PAUL Rodrigo,Rodrigo Javier,DE PAUL,DE PAUL,24/05/1994,CA Atlético Madrid (ESP),180
Argentina,8,Midfielder,ACUNA Marcos,Marcos Javier,ACUÑA,ACUÑA,28/10/1991,Sevilla FC (ESP),172
Argentina,9,Forward,ALVAREZ Julian,Julian,ALVAREZ,J. ALVAREZ,31/01/2000,Manchester City FC (ENG),170
Argentina,10,Forward,MESSI Lionel,Lionel Andres,MESSI,MESSI,24/06/1987,Paris Saint-Germain FC (FRA),170
Argentina,11,Forward,DI MARIA Angel,Angel Fabian,DI MARIA,DI MARIA,14/02/1988,Juventus FC (ITA),178
Argentina,12,Goalkeeper,RULLI Geronimo,Geronimo,RULLI,RULLI,20/05/1992,Villarreal CF (ESP),189
Argentina,13,Defender,ROMERO Cristian,Cristian Gabriel,ROMERO,ROMERO,27/04/1998,Tottenham Hotspur FC (ENG),185
Argentina,14,Midfielder,PALACIOS Exequiel,Exequiel Alejandro,PALACIOS,PALACIOS,05/10/1998,Bayer 04 Leverkusen (GER),177
Argentina,15,Forward,GONZALEZ Nicolas,Nicolas Ivan,GONZALEZ,N. GONZALEZ,06/04/1998,ACF Fiorentina (ITA),180
Argentina,16,Forward,CORREA Joaquin,Carlos Joaquin,CORREA,J. CORREA,13/08/1994,FC Internazionale (ITA),188
Argentina,17,Midfielder,GOMEZ Alejandro,Alejandro Dario,GÓMEZ,GÓMEZ,15/02/1988,Sevilla FC (ESP),167
Argentina,18,Midfielder,RODRIGUEZ Guido,Guido,RODRIGUEZ,G. RODRIGUEZ,12/04/1994,Real Betis (ESP),186
Argentina,19,Defender,OTAMENDI Nicolas,Nicolas Hernan Gonzalo,OTAMENDI,OTAMENDI,12/02/1988,SL Benca (POR),183
Argentina,20,Midfielder,MAC ALLISTER Alexis,Alexis,MAC ALLISTER,MAC ALLISTER,24/12/1998,Brighton & Hove Albion FC (ENG),176
Argentina,21,Forward,DYBALA Paulo,Paulo Exequiel,DYBALA,DYBALA,15/11/1993,AS Roma (ITA),177
Argentina,22,Forward,MARTINEZ Lautaro,Lautaro Javier,MARTÍNEZ,L. MARTÍNEZ,22/08/1997,FC Internazionale (ITA),175
Argentina,23,Goalkeeper,MARTINEZ Emiliano,Damián Emiliano,MARTÍNEZ,E. MARTÍNEZ,02/09/1992,Aston Villa FC (ENG),195
Argentina,24,Midfielder,FERNANDEZ Enzo,Enzo Jeremías,FERNÁNDEZ,E. FERNÁNDEZ,17/01/2001,SL Benca (POR),178
Argentina,25,Defender,MARTINEZ Lisandro,Lisandro,MARTÍNEZ,MARTÍNEZ,18/01/1998,Manchester United FC (ENG),175
Argentina,26,Defender,MOLINA Nahuel,Nahuel,MOLINA LUCERO,MOLINA,06/04/1998,CA Atlético Madrid (ESP),178
Australia,1,Goalkeeper,RYAN Mathew,Mathew David,RYAN,RYAN,08/04/1992,FC København (DEN),184
Australia,2,Defender,DEGENEK Milos,Milos,DEGENEK,DEGENEK,28/04/1994,Columbus Crew SC (USA),187
Australia,3,Defender,ATKINSON Nathaniel,Nathaniel Caleb,ATKINSON,ATKINSON,13/06/1999,Heart Of Midlothian FC (SCO),181
Australia,4,Defender,ROWLES Kye,Kye Francis,ROWLES,ROWLES,24/06/1998,Heart Of Midlothian FC (SCO),185
Australia,5,Defender,KARACIC Fran,Fran,KARACIC,KARACIC,12/05/1996,Brescia Calcio (ITA),181
Australia,6,Forward,BOYLE Martin,Martin Callie,BOYLE,BOYLE,25/04/1993,Hibernian FC (SCO),172
Australia,7,Forward,LECKIE Mathew,Mathew Allan,LECKIE,LECKIE,04/02/1991,Melbourne City FC (AUS),181
Australia,8,Defender,WRIGHT Bailey,Bailey Colin,WRIGHT,WRIGHT,28/07/1992,Sunderland AFC (ENG),184
Australia,9,Forward,MacLAREN Jamie,Jamie,MACLAREN,MACLAREN,29/07/1993,Melbourne City FC (AUS),179
Australia,10,Midfielder,HRUSTIC Ajdin,Ajdin,HRUSTIC,HRUSTIC,05/07/1996,Hellas Verona FC (ITA),180
Australia,11,Forward,MABIL Awer,Awer Bul,MABIL,MABIL,15/09/1995,Cádiz CF (ESP),179
Australia,12,Goalkeeper,REDMAYNE Andrew,Andrew James,REDMAYNE,REDMAYNE,13/01/1989,Sydney FC (AUS),194
Australia,13,Midfielder,MOOY Aaron,Aaron Frank,MOOY,MOOY,15/09/1990,Celtic FC (SCO),174
Australia,14,Midfielder,McGREE Riley,Riley Patrick,MCGREE,MCGREE,02/11/1998,Middlesbrough FC (ENG),178
Australia,15,Forward,DUKE Mitchell,Mitchell Thomas,DUKE,DUKE,18/01/1991,Fagiano Okayama (JPN),182
Australia,16,Defender,BEHICH Aziz,Aziz,BEHICH,BEHICH,16/12/1990,Dundee United FC (SCO),170
Australia,17,Midfielder,DEVLIN Cameron,Cameron Peter,DEVLIN,DEVLIN,07/06/1998,Heart Of Midlothian FC (SCO),171
Australia,18,Goalkeeper,VUKOVIC Danny,Daniel,VUKOVIC,VUKOVIC,27/03/1985,Central Coast Mariners FC (AUS),187
Australia,19,Defender,SOUTTAR Harry,Harry James,SOUTTAR,SOUTTAR,22/10/1998,Stoke City FC (ENG),198
Australia,20,Defender,DENG Thomas,Thomas Jok,DENG,DENG,20/03/1997,Albirex Niigata (JPN),178
Australia,21,Forward,KUOL Garang,Garang,MAWIEN KUOL,KUOL,15/09/2004,Central Coast Mariners FC (AUS),175
Australia,22,Midfielder,IRVINE Jackson,Jackson Alexander,IRVINE,IRVINE,07/03/1993,FC St. Pauli (GER),189
Australia,23,Forward,GOODWIN Craig,Craig Alexander,GOODWIN,GOODWIN,16/12/1991,Adelaide United FC (AUS),183
Australia,24,Defender,KING Joel,Joel Bruce,KING,KING,30/10/2000,Odense BK (DEN),179
Australia,25,Forward,CUMMINGS Jason,Jason Steven,CUMMINGS,CUMMINGS,01/08/1995,Central Coast Mariners FC (AUS),178
Australia,26,Midfielder,BACCUS Keanu,Keanu Kole,BACCUS,BACCUS,07/06/1998,St Mirren FC (SCO),178
Belgium,1,Goalkeeper,COURTOIS Thibaut,Thibaut Nicolas M.,COURTOIS,COURTOIS,11/05/1992,Real Madrid CF (ESP),199
Belgium,2,Defender,ALDERWEIRELD Toby,Tobias Albertine M.,ALDERWEIRELD,ALDERWEIRELD,02/03/1989,Royal Antwerp FC (BEL),186
Belgium,3,Defender,THEATE Arthur,Arthur Nicolas R.,THEATE,THEATE,25/05/2000,Stade Rennais FC (FRA),185
Belgium,4,Defender,FAES Wout,Wout Felix L.,FAES,FAES,03/04/1998,Leicester City FC (ENG),187
Belgium,5,Defender,VERTONGHEN Jan,Jan Bert L.,VERTONGHEN,VERTONGHEN,24/04/1987,RSC Anderlecht (BEL),189
Belgium,6,Midfielder,WITSEL Axel,Axel Laurent A.,WITSEL,WITSEL,12/01/1989,CA Atlético Madrid (ESP),186
Belgium,7,Midfielder,DE BRUYNE Kevin,Kevin,DE BRUYNE,DE BRUYNE,28/06/1991,Manchester City FC (ENG),181
Belgium,8,Midfielder,TIELEMANS Youri,Youri Marion A.,TIELEMANS,TIELEMANS,07/05/1997,Leicester City FC (ENG),176
Belgium,9,Forward,LUKAKU Romelu,Romelu,LUKAKU BOLINGOLI,R. LUKAKU,13/05/1993,FC Internazionale (ITA),190
Belgium,10,Forward,HAZARD Eden,Eden Michael W.,HAZARD,E. HAZARD,07/01/1991,Real Madrid CF (ESP),173
Belgium,11,Forward,CARRASCO Yannick,Yannick,FERREIRA CARRASCO,CARRASCO,04/09/1993,CA Atlético Madrid (ESP),180
Belgium,12,Goalkeeper,MIGNOLET Simon,Simon Luc M.,MIGNOLET,MIGNOLET,06/03/1988,Club Brugge (BEL),193
Belgium,13,Goalkeeper,CASTEELS Koen,Koen,CASTEELS,CASTEELS,25/06/1992,VfL Wolfsburg (GER),197
Belgium,14,Forward,MERTENS Dries,Dries,MERTENS,MERTENS,06/05/1987,Galatasaray SK (TUR),169
Belgium,15,Midfielder,MEUNIER Thomas,Thomas Andre A.,MEUNIER,MEUNIER,12/09/1991,Borussia Dortmund (GER),190
Belgium,16,Midfielder,HAZARD Thorgan,Thorgan Ganael F.,HAZARD,T. HAZARD,29/03/1993,Borussia Dortmund (GER),174
Belgium,17,Forward,TROSSARD Leandro,Leandro,TROSSARD,TROSSARD,04/12/1994,Brighton & Hove Albion FC (ENG),172
Belgium,18,Midfielder,ONANA Amadou,Amadou Ba Z.,MVOM ONANA,ONANA,16/08/2001,Everton FC (ENG),192
Belgium,19,Defender,DENDONCKER Leander,Leander,DENDONCKER,DENDONCKER,15/04/1995,Aston Villa FC (ENG),188
Belgium,20,Midfielder,VANAKEN Hans,Hans,VANAKEN,VANAKEN,24/08/1992,Club Brugge (BEL),195
Belgium,21,Midfielder,CASTAGNE Timothy,Timothy,CASTAGNE,CASTAGNE,05/12/1995,Leicester City FC (ENG),185
Belgium,22,Forward,DE KETELAERE Charles,Charles Marc S.,DE KETELAERE,DE KETELAERE,10/03/2001,AC Milan (ITA),192
Belgium,23,Forward,BATSHUAYI Michy,Michy,BATSHUAYI-ATUNGA,BATSHUAYI,02/10/1993,Fenerbahce SK (TUR),185
Belgium,24,Forward,OPENDA Lois,Ikoma-Loïs,OPENDA,OPENDA,16/02/2000,RC Lens (FRA),175
Belgium,25,Forward,DOKU Jeremy,Jeremy Baffour,DOKU,DOKU,27/05/2002,Stade Rennais FC (FRA),173
Belgium,26,Defender,DEBAST Zeno,Zeno Koen,DEBAST,DEBAST,24/10/2003,RSC Anderlecht (BEL),189
Brazil,1,Goalkeeper,ALISSON,Alisson Ramsés,BECKER,A. BECKER,02/10/1992,Liverpool FC (ENG),193
Brazil,2,Defender,DANILO,Danilo Luiz,DA SILVA,DANILO,15/07/1991,Juventus FC (ITA),184
Brazil,3,Defender,THIAGO SILVA,Thiago,EMILIANO DA SILVA,T. SILVA,22/09/1984,Chelsea FC (ENG),183
Brazil,4,Defender,MARQUINHOS,Marcos,AOAS CORREA,MARQUINHOS,14/05/1994,Paris Saint-Germain FC (FRA),183
Brazil,5,Midfielder,CASEMIRO,Carlos Henrique,CASIMIRO,CASEMIRO,23/02/1992,Manchester United FC (ENG),185
Brazil,6,Defender,ALEX SANDRO,Alex Sandro,LOBO SILVA,ALEX SANDRO,26/01/1991,Juventus FC (ITA),180
Brazil,7,Midfielder,LUCAS PAQUETA,Lucas,TOLENTINO COELHO DE LIMA,L. PAQUETÁ,27/08/1997,West Ham United FC (ENG),180
Brazil,8,Midfielder,FRED,Frederico,RODRIGUES DE PAULA SANTOS,FRED,05/03/1993,Manchester United FC (ENG),169
Brazil,9,Forward,RICHARLISON,Richarlison,DE ANDRADE,RICHARLISON,10/05/1997,Tottenham Hotspur FC (ENG),184
Brazil,10,Forward,NEYMAR,Neymar,DA SILVA SANTOS JUNIOR,NEYMAR JR,05/02/1992,Paris Saint-Germain FC (FRA),175
Brazil,11,Forward,RAPHINHA,Raphael,DIAS BELLOLI,RAPHINHA,14/12/1996,FC Barcelona (ESP),176
Brazil,12,Goalkeeper,WEVERTON,Weverton,PEREIRA DA SILVA,WEVERTON,13/12/1987,SE Palmeiras (BRA),189
Brazil,13,Defender,DANI ALVES,Daniel,ALVES DA SILVA,DANI ALVES,06/05/1983,Pumas UNAM (MEX),172
Brazil,14,Defender,EDER MILITAO,Éder Gabriel,MILITÃO,E. MILITÃO,18/01/1998,Real Madrid CF (ESP),186
Brazil,15,Midfielder,FABINHO,Fabio Henrique,TAVARES,FABINHO,23/10/1993,Liverpool FC (ENG),188
Brazil,16,Defender,ALEX TELLES,Alex,NICOLAO TELLES,ALEX TELLES,15/12/1992,Sevilla FC (ESP),181
Brazil,17,Midfielder,BRUNO GUIMARAES,Bruno,GUIMARÃES RODRIGUEZ MOURA,BRUNO G.,16/11/1997,Newcastle United FC (ENG),182
Brazil,18,Forward,GABRIEL JESUS,Gabriel Fernando,DE JESUS,G. JESUS,03/04/1997,Arsenal FC (ENG),175
Brazil,19,Forward,ANTONY,Antony Matheus,DOS SANTOS,ANTONY,24/02/2000,Manchester United FC (ENG),172
Brazil,20,Forward,VINICIUS JUNIOR,Vinicius José,PAIXÃO DE OLIVEIRA JÚNIOR,VINI JR,12/07/2000,Real Madrid CF (ESP),176
Brazil,21,Forward,RODRYGO,Rodrygo,SILVA DE GOES,RODRYGO,09/01/2001,Real Madrid CF (ESP),174
Brazil,22,Midfielder,EVERTON RIBEIRO,Everton Augusto,DE BARROS RIBEIRO,E. RIBEIRO,10/04/1989,CR Flamengo (BRA),174
Brazil,23,Goalkeeper,EDERSON,Ederson,SANTANA DE MORAES,EDERSON,17/08/1993,Manchester City FC (ENG),188
Brazil,24,Defender,BREMER,Gleison Bremer,SILVA NASCIMENTO,BREMER,18/03/1997,Juventus FC (ITA),188
Brazil,25,Forward,PEDRO,Pedro Guilherme,ABREU DOS SANTOS,PEDRO,20/06/1997,CR Flamengo (BRA),185
Brazil,26,Forward,GABRIEL MARTINELLI,Gabriel,TEODORO MARTINELLI SILVA,MARTINELLI,18/06/2001,Arsenal FC (ENG),178
Cameroon,1,Goalkeeper,NGAPANDOUETNBU Simon,Simon Brady,NGAPANDOUETNBU,NGAPANDOUETNBU,12/04/2003,Olympique Marseille (FRA),186
Cameroon,2,Defender,NGOM MBEKELI Jerome,Jerome,NGOM MBEKELI,NGOM,30/09/1998,Colombe Sportive (CMR),174
Cameroon,3,Defender,NKOULOU Nicolas,Nicolas Julio,NKOULOU NDOUBENA,NKOULOU,27/03/1990,Aris Thessaloniki FC (GRE),185
Cameroon,4,Defender,WOOH Christopher,Christopher Maurice,WOOH,WOOH,18/09/2001,Stade Rennais FC (FRA),191
Cameroon,5,Midfielder,ONDOUA Gael,Gael,BELLA ONDOUA,ONDOUA,04/11/1995,Hannover 96 (GER),185
Cameroon,6,Forward,MOUMI NGAMALEU Nicolas,Nicolas Brice,MOUMI NGAMALEU,NGAMALEU,09/07/1994,FC Dynamo Moscow (RUS),181
Cameroon,7,Midfielder,NKOUDOU Georges-Kevin,Georges Kevin,NKOUDOU MBIDA,NKOUDOU,13/02/1995,Besiktas JK (TUR),172
Cameroon,8,Midfielder,ZAMBO ANGUISSA Andre-Frank,Andre Frank,ZAMBO ANGUISSA,ANGUISSA,16/11/1995,SSC Napoli (ITA),184
Cameroon,9,Forward,NSAME Jean-Pierre,Jean Pierre Junior,NSAME,NSAME,01/05/1993,BSC Young Boys (SUI),188
Cameroon,10,Forward,ABOUBAKAR Vincent,Vincent,ABOUBAKAR,ABOUBAKAR,22/01/1992,Al Nassr FC (KSA),176
Cameroon,11,Forward,BASSOGOG Christian,Christian,MOUGANG BASSOGOG,BASSOGOG,18/10/1995,Shanghai Shenhua FC (CHN),178
Cameroon,12,Forward,TOKO EKAMBI Karl,Karl Louis-Brillant,TOKO EKAMBI,TOKO-EKAMBI,14/09/1992,Olympique Lyon (FRA),183
Cameroon,13,Forward,CHOUPO-MOTING Eric Maxim,Eric Maxim,CHOUPO-MOTING,CHOUPO-MOTING,23/03/1989,FC Bayern München (GER),191
Cameroon,14,Midfielder,OUM GOUET Samuel,Samuel Yves,OUM GOUET,OUM,14/12/1997,KV Mechelen (BEL),185
Cameroon,15,Midfielder,KUNDE Pierre,Pierre,KUNDE MALONG,KUNDE MALONG,26/07/1995,Olympiacos Piraeus FC (GRE),180
Cameroon,16,Goalkeeper,EPASSY Devis,Devis Rogers,EPASSY MBOKA,EPASSY,02/02/1993,Abha Club (KSA),187
Cameroon,17,Defender,MBAIZO Olivier,Olivier,MBAISSIDARA MBAIZO,MBAIZO,15/08/1997,Philadelphia Union (USA),178
Cameroon,18,Midfielder,HONGLA Martin,Martin,HONGLA YMA II,HONGLA,16/03/1998,Hellas Verona FC (ITA),182
Cameroon,19,Defender,FAI Collins,Ngoran Suiru,FAI COLLINS,FAI,13/08/1992,Al Tai FC (KSA),165
Cameroon,20,Forward,MBEUMO Bryan,Bryan Tetsadong Marceau,MBEUMO,MBEUMO,07/08/1999,Brentford FC (ENG),173
Cameroon,21,Defender,CASTELLETTO Jean-Charles,Jean-Charles Victor,CASTELLETTO,CASTELLETTO,26/01/1995,FC Nantes (FRA),186
Cameroon,22,Midfielder,NTCHAM Olivier,Jules Olivier,NTCHAM,NTCHAM,09/02/1996,Swansea City AFC (WAL),180
Cameroon,23,Goalkeeper,ONANA Andre,Andre,ONANA ONANA,ONANA,02/04/1996,FC Internazionale (ITA),190
Cameroon,24,Defender,EBOSSE Enzo,Enzo Jacques Rodolphe,EBOSSE,EBOSSE,11/03/1999,Udinese (ITA),185
Cameroon,25,Defender,NOUHOU Tolo,Tolo,NOUHOU,NOUHOU,23/06/1997,Seattle Sounders FC (USA),178
Cameroon,26,Midfielder,MAROU Souaibou,Souaibou,MAROU,SOUAIBOU,03/12/2000,Coton Sport FC (CMR),180
Canada,1,Goalkeeper,ST. CLAIR Dayne,Dayne Tristan,ST. CLAIR,ST. CLAIR,09/05/1997,Minnesota United FC (USA),191
Canada,2,Defender,JOHNSTON Alistair,Alistair William,JOHNSTON,JOHNSTON,08/10/1998,CF Montréal (CAN),180
Canada,3,Defender,ADEKUGBE Sam,Samuel Ayomide,ADEKUGBE,ADEKUGBE,16/01/1995,Hatayspor (TUR),175
Canada,4,Defender,MILLER Kamal,Kamal Anthony,MILLER,MILLER,16/05/1997,CF Montréal (CAN),183
Canada,5,Defender,VITORIA Steven,Steven,DE SOUSA VITÓRIA,VITORIA,11/01/1987,GD Chaves (POR),195
Canada,6,Midfielder,PIETTE Samuel,Samuel,PIETTE,PIETTE,12/11/1994,CF Montréal (CAN),171
Canada,7,Midfielder,EUSTAQUIO Stephen,Stephen,EUSTÁQUIO,EUSTAQUIO,21/12/1996,FC Porto (POR),178
Canada,8,Midfielder,FRASER Liam,Liam Scott,FRASER,FRASER,13/02/1998,KMSR Deinze (BEL),185
Canada,9,Forward,CAVALLINI Lucas,Lucas,CAVALLINI,CAVALLINI,28/12/1992,Vancouver Whitecaps FC (CAN),180
Canada,10,Midfielder,HOILETT Junior,David Wayne,HOILETT,HOILETT,05/06/1990,Reading FC (ENG),174
Canada,11,Forward,BUCHANAN Tajon,Tajon Trevor,BUCHANAN,BUCHANAN,08/02/1999,Club Brugge (BEL),183
Canada,12,Forward,UGBO Ike,Ike Dominique,UGBO,UGBO,21/09/1998,ES Troyes (FRA),185
Canada,13,Midfielder,HUTCHINSON Atiba,Atiba,HUTCHINSON,HUTCHINSON,08/02/1983,Besiktas JK (TUR),183
Canada,14,Midfielder,KAYE Mark-Anthony,Mark-Anthony,KAYE,KAYE,02/12/1994,Toronto FC (CAN),185
Canada,15,Midfielder,KONE Ismael,Ismael Kenneth Jordan,KONE,KONE,16/06/2002,CF Montréal (CAN),188
Canada,16,Goalkeeper,PANTEMIS James,James,PANTEMIS,PANTEMIS,21/02/1997,CF Montréal (CAN),185
Canada,17,Forward,LARIN Cyle,Cyle Christopher,LARIN,LARIN,17/04/1995,Club Brugge (BEL),188
Canada,18,Goalkeeper,BORJAN Milan,Milan,BORJAN,BORJAN,23/10/1987,FK Crvena Zvezda (SRB),195
Canada,19,Forward,DAVIES Alphonso,Alphonso Boyle,DAVIES,DAVIES,02/11/2000,FC Bayern München (GER),183
Canada,20,Forward,DAVID Jonathan,Jonathan Christian,DAVID,J. DAVID,14/01/2000,Lille OSC (FRA),175
Canada,21,Midfielder,OSORIO Jonathan,Jonathan,OSORIO,OSORIO,12/06/1992,Toronto FC (CAN),175
Canada,22,Defender,LARYEA Richie,Richmond Mamah,LARYEA,LARYEA,07/01/1995,Toronto FC (CAN),175
Canada,23,Midfielder,MILLAR Liam,Liam Alan,MILLAR,MILLAR,27/09/1999,FC Basel (SUI),176
Canada,24,Midfielder,WOTHERSPOON David,David Wallace,WOTHERSPOON,WOTHERSPOON,16/01/1990,St Johnstone FC (SCO),172
Canada,25,Defender,CORNELIUS Derek,Derek Austin,CORNELIUS,CORNELIUS,25/11/1997,Panetolikos FC (GRE),186
Canada,26,Defender,WATERMAN Joel,Joel Robert,WATERMAN,WATERMAN,24/1/1996,CF Montréal (CAN),185
Costa Rica,1,Goalkeeper,NAVAS Keylor,Keilor Antonio,NAVAS GAMBOA,K. NAVAS,15/12/1986,Paris Saint-Germain FC (FRA),185
Costa Rica,2,Midfielder,CHACON Daniel,Daniel Alonso,CHACÓN SALAS,D. CHACÓN,11/04/2001,Colorado Rapids (USA),183
Costa Rica,3,Defender,VARGAS Juan Pablo,Juan Pablo,VARGAS CAMPOS,J. VARGAS,06/06/1995,Millonarios FC (COL),192
Costa Rica,4,Defender,FULLER Keysher,Keysher,FULLER SPENCE,K. FULLER,12/07/1994,CS Herediano (CRC),183
Costa Rica,5,Midfielder,BORGES Celso,Celso,BORGES MORA,C. BORGES,27/05/1988,LD Alajuelense (CRC),182
Costa Rica,6,Defender,DUARTE Oscar,Oscar Esau,DUARTE GAITAN,O. DUARTE,03/06/1989,Al Wehda FC (KSA),186
Costa Rica,7,Forward,CONTRERAS Anthony,Anthony Daniel,CONTRERAS ENRÍQUEZ,A. CONTRERAS,29/01/2000,CS Herediano (CRC),180
Costa Rica,8,Defender,OVIEDO Bryan,Bryan Josué,OVIEDO JIMÉNEZ,B. OVIEDO,18/02/1990,Real Salt Lake (USA),172
Costa Rica,9,Midfielder,BENNETTE Jewison,Jewison Francisco,BENNETTE VILLEGAS,J. BENNETTE,15/06/2004,Sunderland AFC (ENG),173
Costa Rica,10,Midfielder,RUIZ Bryan,Bryan Jafet,RUIZ GONZÁLEZ,BRYAN,18/08/1985,LD Alajuelense (CRC),187
Costa Rica,11,Forward,VENEGAS Johan,Johan Alberto,VENEGAS ULLOA,JOHAN,27/11/1988,LD Alajuelense (CRC),183
Costa Rica,12,Forward,CAMPBELL Joel,Joel Nathaniel,CAMPBELL SAMUELS,J. CAMPBELL,26/06/1992,Club León (MEX),178
Costa Rica,13,Midfielder,TORRES Gerson,Gerson,TORRES BARRANTES,G. TORRES,28/08/1997,CS Herediano (CRC),176
Costa Rica,14,Midfielder,SALAS Youstin,Youstin Deln,SALAS GOMEZ,Y. SALAS,17/06/1996,Deportivo Saprissa (CRC),173
Costa Rica,15,Defender,CALVO Francisco,Francisco Javier,CALVO QUESADA,F. CALVO,08/07/1992,Konyaspor (TUR),180
Costa Rica,16,Defender,MARTINEZ Carlos,Carlos Manuel,MARTÍNEZ CASTRO,C. MARTINEZ,30/03/1999,AD San Carlos (CRC),176
Costa Rica,17,Midfielder,TEJEDA Yeltsin,Yeltsin Ignacio,TEJEDA VALVERDE,Y. TEJEDA,17/03/1992,CS Herediano (CRC),179
Costa Rica,18,Goalkeeper,ALVARADO Esteban,Esteban,ALVARADO BROWN,E. ALVARADO,28/04/1989,CS Herediano (CRC),193
Costa Rica,19,Defender,WASTON Kendall,Kendall Jamaal,WASTON MANLEY,K. WASTON,01/01/1988,Deportivo Saprissa (CRC),196
Costa Rica,20,Midfielder,AGUILERA Brandon,Brandon,AGUILERA ZAMORA,B. AGUILERA,28/06/2003,AD Guanacasteca (CRC),179
Costa Rica,21,Midfielder,LOPEZ Douglas,Douglas Andrey,LÓPEZ ARAYA,D. LÓPEZ,21/09/1998,CS Herediano (CRC),180
Costa Rica,22,Defender,MATARRITA Ronald,Ronald Alberto,MATARRITA ULATE,R. MATARRITA,09/07/1994,FC Cincinnatti (USA),175
Costa Rica,23,Goalkeeper,SEQUEIRA Patrick,Patrick Gilmar,SEQUEIRA MEJIAS,P. SEQUEIRA,01/03/1999,CD Lugo (ESP),190
Costa Rica,24,Midfielder,WILSON Roan,Roan Roberto,WILSON GORDON,R. WILSON,01/05/2002,AD Municipal Grecia (CRC),184
Costa Rica,25,Midfielder,HERNANDEZ Anthony,Anthony William,HERNÁNDEZ GONZÁLEZ,A. HERNANDEZ,11/10/2001,Puntarenas FC (CRC),179
Costa Rica,26,Midfielder,ZAMORA Alvaro,Alvaro José,ZAMORA MATA,A. ZAMORA,09/03/2002,Deportivo Saprissa (CRC),180
Croatia,1,Goalkeeper,LIVAKOVIC Dominik,Dominik,LIVAKOVIĆ,LIVAKOVIĆ,09/01/1995,GNK Dinamo Zagreb (CRO),188
Croatia,2,Defender,STANISIC Josip,Josip,STANIŠIĆ,STANIŠIĆ,02/04/2000,FC Bayern München (GER),186
Croatia,3,Defender,BARISIC Borna,Borna,BARIŠIĆ,BARIŠIĆ,10/11/1992,Rangers FC (SCO),186
Croatia,4,Forward,PERISIC Ivan,Ivan,PERIŠIĆ,PERIŠIĆ,02/02/1989,Tottenham Hotspur FC (ENG),187
Croatia,5,Defender,ERLIC Martin,Martin,ERLIĆ,ERLIĆ,24/01/1998,US Sassuolo (ITA),192
Croatia,6,Defender,LOVREN Dejan,Dejan,LOVREN,LOVREN,05/07/1989,FC Zenit St. Petersburg (RUS),188
Croatia,7,Midfielder,MAJER Lovro,Lovro,MAJER,MAJER,17/01/1998,Stade Rennais FC (FRA),178
Croatia,8,Midfielder,KOVACIC Mateo,Mateo,KOVAČIĆ,KOVAČIĆ,06/05/1994,Chelsea FC (ENG),177
Croatia,9,Forward,KRAMARIC Andrej,Andrej,KRAMARIĆ,KRAMARIĆ,19/06/1991,TSG 1899 Hoffenheim (GER),177
Croatia,10,Midfielder,MODRIC Luka,Luka,MODRIĆ,MODRIĆ,09/09/1985,Real Madrid CF (ESP),172
Croatia,11,Midfielder,BROZOVIC Marcelo,Marcelo,BROZOVIĆ,BROZOVIĆ,16/11/1992,FC Internazionale (ITA),181
Croatia,12,Goalkeeper,GRBIC Ivo,Ivo,GRBIĆ,GRBIĆ,18/01/1996,CA Atlético Madrid (ESP),195
Croatia,13,Midfielder,VLASIC Nikola,Nikola,VLAŠIĆ,VLAŠIĆ,04/10/1997,Torino FC (ITA),178
Croatia,14,Forward,LIVAJA Marko,Marko,LIVAJA,LIVAJA,26/08/1993,HNK Hajduk Split (CRO),182
Croatia,15,Midfielder,PASALIC Mario,Mario,PAŠALIĆ,PAŠALIĆ,09/02/1995,Atalanta Bergamo (ITA),189
Croatia,16,Forward,PETKOVIC Bruno,Bruno,PETKOVIĆ,PETKOVIĆ,16/09/1994,GNK Dinamo Zagreb (CRO),193
Croatia,17,Forward,BUDIMIR Ante,Ante,BUDIMIR,BUDIMIR,22/07/1991,CA Osasuna (ESP),190
Croatia,18,Forward,ORSIC Mislav,Mislav,ORŠIĆ,ORŠIĆ,29/12/1992,GNK Dinamo Zagreb (CRO),179
Croatia,19,Defender,SOSA Borna,Borna,SOSA,SOSA,21/01/1998,VfB Stuttgart (GER),187
Croatia,20,Defender,GVARDIOL Josko,Joško,GVARDIOL,GVARDIOL,23/01/2002,RB Leipzig (GER),185
Croatia,21,Defender,VIDA Domagoj,Domagoj,VIDA,VIDA,29/04/1989,AEK Athens (GRE),184
Croatia,22,Defender,JURANOVIC Josip,Josip,JURANOVIĆ,JURANOVIĆ,16/08/1995,Celtic FC (SCO),173
Croatia,23,Goalkeeper,IVUSIC Ivica,Ivica,IVUŠIĆ,IVUŠIĆ,01/02/1995,NK Osijek (CRO),195
Croatia,24,Defender,SUTALO Josip,Josip,ŠUTALO,ŠUTALO,28/02/2000,GNK Dinamo Zagreb (CRO),190
Croatia,25,Midfielder,SUCIC Luka,Luka,SUČIĆ,SUČIĆ,08/09/2002,FC Red Bull Salzburg (AUT),185
Croatia,26,Midfielder,JAKIC Kristijan,Kristijan,JAKIĆ,JAKIĆ,14/05/1997,Eintracht Frankfurt (GER),181
Denmark,1,Goalkeeper,SCHMEICHEL Kasper,Kasper Peter,SCHMEICHEL,SCHMEICHEL,05/11/1986,OGC Nice (FRA),190
Denmark,2,Defender,ANDERSEN Joachim,Joachim Christian,ANDERSEN,ANDERSEN,31/05/1996,Crystal Palace FC (ENG),192
Denmark,3,Defender,NELSSON Victor,Victor Enok,NELSSON,NELSSON,14/10/1998,Galatasaray SK (TUR),185
Denmark,4,Defender,KJAER Simon,Simon Thorup,KJÆR,KJÆR,26/03/1989,AC Milan (ITA),191
Denmark,5,Defender,MAEHLE Joakim,Joakim Mæhle,PEDERSEN,MÆHLE,20/05/1997,Atalanta Bergamo (ITA),185
Denmark,6,Defender,CHRISTENSEN Andreas,Andreas Bødtker,CHRISTENSEN,A. CHRISTENSEN,10/04/1996,FC Barcelona (ESP),192
Denmark,7,Midfielder,JENSEN Mathias,Mathias,JENSEN,JENSEN,01/01/1996,Brentford FC (ENG),180
Denmark,8,Midfielder,DELANEY Thomas,Thomas Joseph,DELANEY,DELANEY,03/09/1991,Sevilla FC (ESP),180
Denmark,9,Forward,BRAITHWAITE Martin,Martin Christensen,BRAITHWAITE,BRAITHWAITE,05/06/1991,RCD Espanyol (ESP),180
Denmark,10,Midfielder,ERIKSEN Christian,Christian Dannemann,ERIKSEN,ERIKSEN,14/02/1992,Manchester United FC (ENG),181
Denmark,11,Midfielder,SKOV OLSEN Andreas,Andreas Skov,OLSEN,SKOV OLSEN,29/12/1999,Club Brugge (BEL),187
Denmark,12,Forward,DOLBERG Kasper,Kasper Dolberg,RASMUSSEN,DOLBERG,06/10/1997,Sevilla FC (ESP),187
Denmark,13,Defender,KRISTENSEN Rasmus,Rasmus Nissen,KRISTENSEN,KRISTENSEN,11/07/1997,Leeds United FC (ENG),187
Denmark,14,Midfielder,DAMSGAARD Mikkel,Mikkel Krogh,DAMSGAARD,DAMSGAARD,03/07/2000,Brentford FC (ENG),180
Denmark,15,Midfielder,NORGAARD Christian,Christian Thers,NØRGAARD,NØRGAARD,10/03/1994,Brentford FC (ENG),186
Denmark,16,Goalkeeper,CHRISTENSEN Oliver,Oliver,CHRISTENSEN,O. CHRISTENSEN,22/03/1999,Hertha BSC (GER),190
Denmark,17,Defender,STRYGER LARSEN Jens,Jens Stryger,LARSEN,STRYGER,21/02/1991,Trabzonspor (TUR),182
Denmark,18,Defender,WASS Daniel,Daniel,WASS,WASS,31/05/1989,Brøndby IF (DEN),181
Denmark,19,Forward,WIND Jonas,Jonas Older,WIND,WIND,07/02/1999,VfL Wolfsburg (GER),190
Denmark,20,Forward,YURARY POULSEN Yussuf,Yussuf Yurary,POULSEN,YURARY,15/06/1994,RB Leipzig (GER),193
Denmark,21,Forward,CORNELIUS Andreas,Andreas Evald,CORNELIUS,CORNELIUS,16/03/1993,FC København (DEN),195
Denmark,22,Goalkeeper,RONNOW Frederik,Frederik Riis,RØNNOW,RØNNOW,04/08/1992,1. FC Union Berlin (GER),190
Denmark,23,Midfielder,HOJBJERG Pierre-Emile,Pierre-Emile Kordt,HØJBJERG,HØJBJERG,05/08/1995,Tottenham Hotspur FC (ENG),187
Denmark,24,Midfielder,SKOV Robert,Robert,SKOV,SKOV,20/05/1996,TSG 1899 Hoffenheim (GER),183
Denmark,25,Midfielder,LINDSTROM Jesper,Jesper Grænge,LINDSTRØM,LINDSTRØM,29/02/2000,Eintracht Frankfurt (GER),182
Denmark,26,Defender,BAH Alexander,Alexander Hartmann,BAH,BAH,09/12/1997,SL Benfica (POR),183
Ecuador,1,Goalkeeper,GALINDEZ Hernan,Hernan Ismael,GALINDEZ,GALINDEZ,30/03/1987,SD Aucas (ECU),189
Ecuador,2,Defender,TORRES Felix,Felix Eduardo,TORRES CAICEDO,TORRES,11/01/1997,Club Santos Laguna (MEX),187
Ecuador,3,Defender,HINCAPIE Piero,Piero Martin,HINCAPIE REYNA,HINCAPIE,09/01/2002,Bayer 04 Leverkusen (GER),183
Ecuador,4,Defender,ARBOLEDA Robert,Robert Abel,ARBOLEDA ESCOBAR,ARBOLEDA,22/10/1991,Sao Paulo FC (BRA),189
Ecuador,5,Midfielder,CIFUENTES Jose,Jose Adoni,CIFUENTES CHARCOPA,CIFUENTES,12/03/1999,Los Angeles FC (USA),178
Ecuador,6,Defender,PACHO William,William Joel,PACHO TENORIO,PACHO,16/10/2001,Royal Antwerp FC (BEL),188
Ecuador,7,Defender,ESTUPINAN Pervis,Pervis Josue,ESTUPIÑÁN TENORIO,ESTUPIÑAN,21/01/1998,Brighton & Hove Albion FC (ENG),175
Ecuador,8,Midfielder,GRUEZO Carlos,Carlos Armando,GRUEZO ARVOLEDA,GRUEZO,19/04/1995,FC Augsburg (GER),172
Ecuador,9,Midfielder,PRECIADO Ayrton,Eduar Ayrton,PRECIADO GARCIA,AYRTON P.,17/07/1994,Club Santos Laguna (MEX),181
Ecuador,10,Midfielder,IBARRA Romario,Romario Andres,IBARRA MINA,IBARRA,24/09/1994,CF Pachuca (MEX),175
Ecuador,11,Forward,ESTRADA Michael,Michael Steveen,ESTRADA MARTÍNEZ,ESTRADA,07/04/1996,Cruz Azul (MEX),187
Ecuador,12,Goalkeeper,RAMIREZ Moises,Wellington Moises,RAMÍREZ PRECIADO,RAMIREZ,09/09/2000,Independiente Del Valle (ECU),185
Ecuador,13,Forward,VALENCIA Enner,Enner Remberto,VALENCIA LASTRA,VALENCIA,04/11/1989,Fenerbahce SK (TUR),177
Ecuador,14,Defender,ARREAGA Xavier,Xavier Ricardo,ARREAGA BERMELLO,ARREAGA,28/09/1994,Seattle Sounders FC (USA),184
Ecuador,15,Midfielder,MENA Angel,Angel Israel,MENA DELGADO,MENA,21/01/1988,Club León (MEX),168
Ecuador,16,Midfielder,SARMIENTO Jeremy,Jeremy Leonel,SARMIENTO MORANTE,SARMIENTO,16/06/2002,Brighton & Hove Albion FC (ENG),178
Ecuador,17,Defender,PRECIADO Angelo,Angelo Smit,PRECIADO QUIÑONEZ,ANGELO,18/02/1998,KRC Genk (BEL),174
Ecuador,18,Defender,PALACIOS Diego,Diego Jose,PALACIOS ESPINOZA,PALACIOS,12/07/1999,Los Angeles FC (USA),169
Ecuador,19,Midfielder,PLATA Gonzalo,Gonzalo Jordy,PLATA JIMENEZ,PLATA,01/11/2000,Real Valladolid CF (ESP),178
Ecuador,20,Midfielder,MENDEZ Jhegson,Jhegson Sebastián,MÉNDEZ CARABALÍ,MENDEZ,26/04/1997,Los Angeles FC (USA),175
Ecuador,21,Midfielder,FRANCO Alan,Alan Steven,FRANCO PALMA,FRANCO,21/08/1998,CA Talleres (ARG),175
Ecuador,22,Goalkeeper,DOMINGUEZ Alexander,Alexander,DOMINGUEZ CARABALI,DOMINGUEZ,05/06/1987,LDU Quito (ECU),195
Ecuador,23,Midfielder,CAICEDO Moises,Moises Isaac,CAICEDO COROZO,CAICEDO,02/11/2001,Brighton & Hove Albion FC (ENG),178
Ecuador,24,Forward,REASCO Djorkaeff,Djorkaeff Neicer,REASCO GONZALEZ,REASCO,18/01/1999,CA Newells Old Boys (ARG),172
Ecuador,25,Defender,POROZO Jackson,Jackson Gabriel,POROZO VERNAZA,POROZO,04/08/2000,ES Troyes (FRA),191
Ecuador,26,Forward,RODRIGUEZ Kevin,Kevin Jose,RODRIGUEZ CORTEZ,K. RODRIGUEZ,04/03/2000,Imbabura SC (ECU),190
England,1,Goalkeeper,PICKFORD Jordan,Jordan Lee,PICKFORD,PICKFORD,07/03/1994,Everton FC (ENG),185
England,2,Defender,WALKER Kyle,Kyle Andrew,WALKER,WALKER,28/05/1990,Manchester City FC (ENG),178
England,3,Defender,SHAW Luke,Luke Paul,SHAW,SHAW,12/07/1995,Manchester United FC (ENG),185
England,4,Midfielder,RICE Declan,Declan,RICE,RICE,14/01/1999,West Ham United FC (ENG),185
England,5,Defender,STONES John,John,STONES,STONES,28/05/1994,Manchester City FC (ENG),188
England,6,Defender,MAGUIRE Harry,Harry Jacob,MAGUIRE,MAGUIRE,05/03/1993,Manchester United FC (ENG),193
England,7,Forward,GREALISH Jack,Jack Peter,GREALISH,GREALISH,10/09/1995,Manchester City FC (ENG),175
England,8,Midfielder,HENDERSON Jordan,Jordan Brian,HENDERSON,HENDERSON,17/06/1990,Liverpool FC (ENG),183
England,9,Forward,KANE Harry,Harry Edward,KANE,KANE,28/07/1993,Tottenham Hotspur FC (ENG),188
England,10,Forward,STERLING Raheem,Raheem,STERLING,STERLING,08/12/1994,Chelsea FC (ENG),170
England,11,Forward,RASHFORD Marcus,Marcus,RASHFORD,RASHFORD,31/10/1997,Manchester United FC (ENG),180
England,12,Defender,TRIPPIER Kieran,Kieran John,TRIPPIER,TRIPPIER,19/09/1990,Newcastle United FC (ENG),178
England,13,Goalkeeper,POPE Nick,Nicholas David,POPE,POPE,19/04/1992,Newcastle United FC (ENG),191
England,14,Midfielder,PHILLIPS Kalvin,Kalvin Mark,PHILLIPS,PHILLIPS,02/12/1995,Manchester City FC (ENG),178
England,15,Defender,DIER Eric,Eric Jeremy Edgar,DIER,DIER,15/01/1994,Tottenham Hotspur FC (ENG),188
England,16,Defender,COADY Conor,Conor David,COADY,COADY,25/02/1993,Everton FC (ENG),184
England,17,Forward,SAKA Bukayo,Bukayo Ayoyinka,SAKA,SAKA,05/09/2001,Arsenal FC (ENG),178
England,18,Defender,ALEXANDER-ARNOLD Trent,Trent John,ALEXANDER-ARNOLD,ALEXANDER-ARNOLD,07/10/1998,Liverpool FC (ENG),175
England,19,Midfielder,MOUNT Mason,Mason Tony,MOUNT,MOUNT,10/01/1999,Chelsea FC (ENG),180
England,20,Midfielder,FODEN Phil,Philip Walter,FODEN,FODEN,28/05/2000,Manchester City FC (ENG),180
England,21,Defender,WHITE Ben,Benjamin William,WHITE,WHITE,08/10/1997,Arsenal FC (ENG),186
England,22,Midfielder,BELLINGHAM Jude,Jude Victor William,BELLINGHAM,BELLINGHAM,29/06/2003,Borussia Dortmund (GER),186
England,23,Goalkeeper,RAMSDALE Aaron,Aaron Christopher,RAMSDALE,RAMSDALE,14/05/1998,Arsenal FC (ENG),188
England,24,Forward,WILSON Callum,Callum Eddie Graham,WILSON,WILSON,27/02/1992,Newcastle United FC (ENG),180
England,25,Midfielder,MADDISON James,James,MADDISON,MADDISON,23/11/1996,Leicester City FC (ENG),175
England,26,Midfielder,GALLAGHER Conor,Conor John,GALLAGHER,GALLAGHER,6/2/2000,Chelsea FC (ENG),183
France,1,Goalkeeper,LLORIS Hugo,Hugo Hadrien Dominique,LLORIS,LLORIS,26/12/1986,Tottenham Hotspur FC (ENG),188
France,2,Defender,PAVARD Benjamin,Benjamin Jaques Marcel,PAVARD,PAVARD,28/03/1996,FC Bayern München (GER),186
France,3,Defender,DISASI Axel,Axel Wilson Arthur,DISASI MHAKINIS BELHO,DISASI,11/03/1998,AS Monaco (FRA),190
France,4,Defender,VARANE Raphael,Raphaël Xavier,VARANE,VARANE,25/04/1993,Manchester United FC (ENG),191
France,5,Defender,KOUNDE Jules,Jules Olivier,KOUNDE,KOUNDE,12/11/1998,FC Barcelona (ESP),178
France,6,Midfielder,GUENDOUZI Matteo,Mattéo Elias Kenzo,GUENDOUZI OLIE,GUENDOUZI,14/04/1999,Olympique Marseille (FRA),184
France,7,Forward,GRIEZMANN Antoine,Antoine,GRIEZMANN,GRIEZMANN,21/03/1991,CA Atlético Madrid (ESP),173
France,8,Midfielder,TCHOUAMENI Aurelien,Aurélien Djani,TCHOUAMENI,TCHOUAMENI,27/01/2000,Real Madrid CF (ESP),187
France,9,Forward,GIROUD Olivier,Olivier Jonathan,GIROUD,GIROUD,30/09/1986,AC Milan (ITA),193
France,10,Forward,MBAPPE Kylian,Kylian,MBAPPE LOTTIN,MBAPPE,20/12/1998,Paris Saint-Germain FC (FRA),178
France,11,Forward,DEMBELE Ousmane,Masour Ousmane,DEMBELE,DEMBELE,15/05/1997,FC Barcelona (ESP),178
France,12,Forward,KOLO MUANI Randal,Randal,KOLO MUANI,KOLO MUANI,05/12/1998,Eintracht Frankfurt (GER),187
France,13,Defender,FOFANA Youssouf,Youssouf,FOFANA,FOFANA,10/01/1999,AS Monaco (FRA),178
France,14,Midfielder,RABIOT Adrien,Adrien Thibault Marie,RABIOT,RABIOT,03/04/1995,Juventus FC (ITA),191
France,15,Midfielder,VERETOUT Jordan,Jordan Marcel Gilbert,VERETOUT,VERETOUT,01/03/1993,Olympique Marseille (FRA),177
France,16,Goalkeeper,MANDANDA Steve,Steve,MANDANDA MPIDI,MANDANDA,28/03/1985,Stade Rennais FC (FRA),187
France,17,Defender,SALIBA William,William Alain André Gabriel,SALIBA,SALIBA,24/03/2001,Arsenal FC (ENG),192
France,18,Defender,UPAMECANO Dayot,Dayotchanculle Oswald,UPAMECANO,UPAMECANO,27/10/1998,FC Bayern München (GER),186
France,19,Forward,BENZEMA Karim,Karim Mostafa,BENZEMA,BENZEMA,19/12/1987,Real Madrid CF (ESP),187
France,20,Forward,COMAN Kingsley,Kingsley Junior,COMAN,COMAN,13/06/1996,FC Bayern München (GER),180
France,21,Defender,HERNANDEZ Lucas,Lucas Francois Bernard,HERNANDEZ,L. HERNANDEZ,14/02/1996,FC Bayern München (GER),184
France,22,Defender,HERNANDEZ Theo,Théo Bernard François,HERNANDEZ,T. HERNANDEZ,06/10/1997,AC Milan (ITA),184
France,23,Goalkeeper,AREOLA Alphonse,Alphonse Francis,AREOLA,AREOLA,27/02/1993,West Ham United FC (ENG),195
France,24,Defender,KONATE Ibrahima,Ibrahima,KONATÉ,KONATE,25/05/1999,Liverpool FC (ENG),194
France,25,Midfielder,CAMAVINGA Eduardo,Eduardo Celmi,CAMAVINGA,CAMAVINGA,10/11/2002,Real Madrid CF (ESP),182
France,26,Forward,THURAM Marcus,Marcus Lilian,THURAM-ULIEN,THURAM,06/08/1997,VfL Borussia Mönchengladbach (GER),192
Germany,1,Goalkeeper,NEUER Manuel,Manuel Peter,NEUER,NEUER,27/03/1986,FC Bayern München (GER),193
Germany,2,Defender,RUEDIGER Antonio,Antonio,RÜDIGER,RÜDIGER,03/03/1993,Real Madrid CF (ESP),190
Germany,3,Defender,RAUM David,David,RAUM,RAUM,22/04/1998,RB Leipzig (GER),180
Germany,4,Defender,GINTER Matthias,Matthias Lukas,GINTER,GINTER,19/01/1994,SC Freiburg (GER),189
Germany,5,Defender,KEHRER Thilo,Jan Thilo,KEHRER,KEHRER,21/09/1996,West Ham United FC (ENG),186
Germany,6,Midfielder,KIMMICH Joshua,Joshua Walter,KIMMICH,KIMMICH,08/02/1995,FC Bayern München (GER),177
Germany,7,Forward,HAVERTZ Kai,Kai Lukas,HAVERTZ,HAVERTZ,11/06/1999,Chelsea FC (ENG),190
Germany,8,Midfielder,GORETZKA Leon,Leon Christoph,GORETZKA,GORETZKA,06/02/1995,FC Bayern München (GER),189
Germany,9,Forward,FUELLKRUG Niclas,Niclas,FÜLLKRUG,FÜLLKRUG,09/02/1993,SV Werder Bremen (GER),188
Germany,10,Forward,GNABRY Serge,Serge David,GNABRY,GNABRY,14/07/1995,FC Bayern München (GER),176
Germany,11,Midfielder,GOETZE Mario,Mario,GÖTZE,GÖTZE,03/06/1992,Eintracht Frankfurt (GER),176
Germany,12,Goalkeeper,TRAPP Kevin,Kevin Christian,TRAPP,TRAPP,08/07/1990,Eintracht Frankfurt (GER),189
Germany,13,Midfielder,MUELLER Thomas,Thomas,MÜLLER,MÜLLER,13/09/1989,FC Bayern München (GER),185
Germany,14,Midfielder,MUSIALA Jamal,Jamal,MUSIALA,MUSIALA,26/02/2003,FC Bayern München (GER),180
Germany,15,Defender,SUELE Niklas,Niklas,SÜLE,SÜLE,03/09/1995,Borussia Dortmund (GER),195
Germany,16,Defender,KLOSTERMANN Lukas,Lukas Manuel,KLOSTERMANN,KLOSTERMANN,03/06/1995,RB Leipzig (GER),187
Germany,17,Midfielder,BRANDT Julian,Julian,BRANDT,BRANDT,02/05/1996,Borussia Dortmund (GER),183
Germany,18,Midfielder,HOFMANN Jonas,Jonas,HOFMANN,HOFMANN,14/07/1992,VfL Borussia Mönchengladbach (GER),176
Germany,19,Midfielder,SANE Leroy,Leroy Aziz,SANÉ,SANE,11/01/1996,FC Bayern München (GER),183
Germany,20,Defender,GUENTER Christian,Christian,GÜNTER,GÜNTER,28/02/1993,SC Freiburg (GER),184
Germany,21,Midfielder,GUENDOGAN Ilkay,Ilkay,GÜNDOGAN,GÜNDOGAN,24/10/1990,Manchester City FC (ENG),180
Germany,22,Goalkeeper,TER STEGEN Marc-Andre,Marc-André,TER STEGEN,TER STEGEN,30/04/1992,FC Barcelona (ESP),187
Germany,23,Defender,SCHLOTTERBECK Nico,Nico Cedric,SCHLOTTERBECK,SCHLOTTERBECK,01/12/1999,Borussia Dortmund (GER),191
Germany,24,Forward,ADEYEMI Karim,Karim David,ADEYEMI,ADEYEMI,18/01/2002,Borussia Dortmund (GER),180
Germany,25,Defender,BELLA KOTCHAP Armel,Armel,BELLA KOTCHAP,BELLA KOTCHAP,11/12/2001,Southampton FC (ENG),190
Germany,26,Forward,MOUKOKO Youssoufa,Youssoufa,MOUKOKO,MOUKOKO,20/11/2004,Borussia Dortmund (GER),179
Ghana,1,Goalkeeper,ZIGI Lawrence Ati,Lawrence Ati,ZIGI,ZIGI,29/11/1996,FC St. Gallen (SUI),188
Ghana,2,Defender,LAMPTEY Tariq,Tariq Kwame Nii-Lante,LAMPTEY,TARIQ,30/09/2000,Brighton & Hove Albion FC (ENG),170
Ghana,3,Defender,ODOI Denis,Denis Frimpong,ODOI,ODOI,27/05/1988,Club Brugge (BEL),178
Ghana,4,Defender,SALISU Mohammed,Mohammed Salisu,ABDUL KARIM,SALISU,19/04/1999,Southampton FC (ENG),191
Ghana,5,Midfielder,PARTEY Thomas,Thomas Teye,PARTEY,PARTEY,13/06/1993,Arsenal FC (ENG),185
Ghana,6,Midfielder,OWUSU Elisha,Elisha,OWUSU,OWUSU,07/11/1997,KAA Gent (BEL),182
Ghana,7,Midfielder,ISSAHAKU Fatawu,Abdul Fatawu,ISSAHAKU,FATAWU,08/03/2004,Sporting CP (POR),177
Ghana,8,Midfielder,KYEREH Daniel-Ko,Daniel-Ko,KYEREH,KYERE,08/03/1996,SC Freiburg (GER),179
Ghana,9,Forward,AYEW Jordan,Jordan Pierre,AYEW,J. AYEW,11/09/1991,Crystal Palace FC (ENG),182
Ghana,10,Forward,AYEW Andre,André Morgan Rami,AYEW,A. AYEW,17/12/1989,Al Sadd SC (QAT),175
Ghana,11,Midfielder,BUKARI Osman,Osman,BUKARI,OSMAN,13/12/1998,FK Crvena Zvezda (SRB),170
Ghana,12,Goalkeeper,DANLAD Ibrahim,Danlad,IBRAHIM,DANLAD,02/12/2002,Asante Kotoko SC (GHA),181
Ghana,13,Midfielder,AFRIYIE Daniel,Daniel,AFRIYIE BERNIEH,BERNIEH,26/06/2001,Hearts Of Oak SC (GHA),170
Ghana,14,Defender,MENSAH Gideon,Gideon,MENSAH,MENSAH,18/07/1998,AJ Auxerre (FRA),178
Ghana,15,Defender,AIDOO Joseph,Joseph,AIDOO,AIDOO,29/09/1995,RC Celta Vigo (ESP),184
Ghana,16,Goalkeeper,NURUDEEN Manaf,Abdul Manaf,NURUDEEN,MANAF,08/02/1999,KAS Eupen (BEL),190
Ghana,17,Defender,BABA Abdul Rahman,Abdul Rahman,BABA,BABA,02/07/1994,Reading FC (ENG),180
Ghana,18,Defender,AMARTEY Daniel,Daniel,AMARTEY,AMARTEY,21/12/1994,Leicester City FC (ENG),186
Ghana,19,Forward,WILLIAMS Inaki,Iñaki,WILLIAMS ARTHUER,IÑAKI,15/06/1994,Athletic Club (ESP),186
Ghana,20,Midfielder,KUDUS Mohammed,Kudus,MOHAMMED,KUDUS,02/08/2000,AFC Ajax (NED),175
Ghana,21,Midfielder,ABDUL SAMED Salis,Salis,ABDUL SAMED,SALIS,26/03/2000,RC Lens (FRA),179
Ghana,22,Midfielder,SULEMANA Kamaldeen,Kamaldeen,SULEMANA,SULEMANA,15/02/2002,Stade Rennais FC (FRA),174
Ghana,23,Defender,DJIKU Alexander,Alexander Kwabena Baidooh,DJIKU,DJIKU,09/08/1994,RC Strasbourg (FRA),182
Ghana,24,Midfielder,SOWAH Kamal,Kamal,SOWAH,SOWAH,09/01/2000,Club Brugge (BEL),179
Ghana,25,Forward,SEMENYO Antoine,Antoine Serlom,SEMENYO,SEMENYO,07/01/2000,Bristol City FC (ENG),172
Ghana,26,Defender,ALIDU Seidu,Seidu,ALIDU,SEIDU,04/06/2000,Clermont Foot (FRA),173
Iran,1,Goalkeeper,BEIRANVAND Alireza,Ali Reza,SAFARBEIRANVAND,ALIREZA BEIRANVAND,21/09/1992,Perspolis Tehran (IRN),194
Iran,2,Defender,MOHARRAMI Sadegh,Sadegh,MOHARRAMI GETGASARI,MOHARRAMI,01/03/1996,GNK Dinamo Zagreb (CRO),174
Iran,3,Defender,HAJISAFI Ehsan,Ehsan,HAJI SAFI,E. HAJISAFI,25/02/1990,AEK Athens (GRE),178
Iran,4,Defender,KHALILZADEH Shoja,Shojae,KHALILZADEH,SHOJA,14/05/1989,Al Ahli SC (QAT),179
Iran,5,Defender,MOHAMMADI Milad,Milad,MOHAMMADIKESHMARZI,M. MOHAMMADI,29/09/1993,AEK Athens (GRE),178
Iran,6,Midfielder,EZATOLAHI Saeid,Saeid,EZATOLAHI AFAGH,S. EZATOLAHI,01/10/1996,Vejle BK (DEN),190
Iran,7,Midfielder,JAHANBAKHSH Alireza,Alireza,JAHAN BAKHSH JIRANDEH,A. JAHANBAKHSH,11/08/1993,Feyenoord Rotterdam (NED),181
Iran,8,Defender,POURALIGANJI Morteza,Morteza,POURALI GANJI,M. POURALIGANJI,19/04/1992,Perspolis Tehran (IRN),185
Iran,9,Forward,TAREMI Mehdi,Mehdi,TAREMI,TAREMI,18/07/1992,FC Porto (POR),185
Iran,10,Forward,ANSARIFARD Karim,Karim,ANSARI FARD,KARIM,03/04/1990,AC Omonia (CYP),186
Iran,11,Midfielder,AMIRI Vahid,Vahid,AMIRI,V. AMIRI,02/04/1988,Perspolis Tehran (IRN),179
Iran,12,Goalkeeper,NIAZMAND Payam,Seyed Payam,NIAZMANDGHADER,PAYAM,06/04/1995,Sepahan FC (IRN),194
Iran,13,Defender,KANANI Hossein,Mohammadhossein,KANANI ZADEGAN,KANANI,23/03/1994,Al Ahli SC (QAT),188
Iran,14,Midfielder,GHODDOS Saman,Seyed Saman,GHODDOOS,GHODDOS,06/09/1993,Brentford FC (ENG),175
Iran,15,Defender,CHESHMI Roozbeh,Roozbeh,CHESHMI,ROOZBEH,24/07/1993,Esteghlal Tehran FC (IRN),194
Iran,16,Midfielder,TORABI Mehdi,Mahdi,TORABI,M. TORABI,10/09/1994,Persepolis FC (IRN),180
Iran,17,Midfielder,GHOLIZADEH Ali,Ali,GHOLI ZADEHNOJEHDEH,A. GHOLIZADEH,10/03/1996,Sporting Charleroi (BEL),176
Iran,18,Midfielder,KARIMI Ali,Ali,KARIMI,A. KARIMI,11/02/1994,Kayserispor (TUR),185
Iran,19,Defender,HOSSEINI Majid,Seyedmajid,HOSSEINI,MAJID,20/06/1996,Kayserispor (TUR),187
Iran,20,Forward,AZMOUN Sardar,Sardar,AZMOUN,S. AZMOUN,01/01/1995,Bayer 04 Leverkusen (GER),186
Iran,21,Midfielder,NOOROLLAHI Ahmad,Ahmad,NOOROLLAHI,AHMAD,01/02/1993,Shabab Al Ahli Club (UAE),185
Iran,22,Goalkeeper,ABEDZADEH Amir,Amir,ABEDZADEH,ABEDZADEH,26/04/1993,SD Ponferradina (ESP),186
Iran,23,Defender,REZAEIAN Ramin,Ramin,REZAEIANSEMESKANDI,RAMIN,21/03/1990,Sepahan FC (IRN),184
Iran,24,Goalkeeper,HOSSEINI Hossein,Seyedhossein,HOSSEINI,H. HOSSEINI,30/06/1992,Esteghlal Tehran FC (IRN),187
Iran,25,Defender,JALALI Abolfazl,Seyedabolfazl,JALALIBOORANI,JALALI,26/06/1998,Esteghlal Tehran FC (IRN),177
Japan,1,Goalkeeper,KAWASHIMA Eiji,Eiji,KAWASHIMA,KAWASHIMA,20/03/1983,RC Strasbourg (FRA),185
Japan,2,Defender,YAMANE Miki,Miki,YAMANE,YAMANE,22/12/1993,Kawasaki Frontale (JPN),178
Japan,3,Defender,TANIGUCHI Shogo,Shogo,TANIGUCHI,TANIGUCHI,15/07/1991,Kawasaki Frontale (JPN),183
Japan,4,Defender,ITAKURA Kou,Kou,ITAKURA,ITAKURA,27/01/1997,VfL Borussia Mönchengladbach (GER),186
Japan,5,Defender,NAGATOMO Yuto,Yuto,NAGATOMO,NAGATOMO,12/09/1986,FC Tokyo (JPN),170
Japan,6,Midfielder,ENDO Wataru,Wataru,ENDO,ENDO,09/02/1993,VfB Stuttgart (GER),178
Japan,7,Midfielder,SHIBASAKI Gaku,Gaku,SHIBASAKI,GAKU,28/05/1992,CD Leganés (ESP),175
Japan,8,Midfielder,DOAN Ritsu,Ritsu,DOAN,DOAN,16/06/1998,SC Freiburg (GER),172
Japan,9,Midfielder,MITOMA Kaoru,Kaoru,MITOMA,MITOMA,20/05/1997,Brighton & Hove Albion FC (ENG),178
Japan,10,Midfielder,MINAMINO Takumi,Takumi,MINAMINO,MINAMINO,16/01/1995,AS Monaco (FRA),174
Japan,11,Midfielder,KUBO Takefusa,Takefusa,KUBO,KUBO,04/06/2001,Real Sociedad (ESP),173
Japan,12,Goalkeeper,GONDA Shuichi,Shuichi,GONDA,GONDA,03/03/1989,Shimizu S-Pulse (JPN),187
Japan,13,Midfielder,MORITA Hidemasa,Hidemasa,MORITA,MORITA,10/05/1995,Sporting CP (POR),177
Japan,14,Midfielder,ITO Junya,Junya,ITO,ITO,09/03/1993,Stade Reims (FRA),176
Japan,15,Midfielder,KAMADA Daichi,Daichi,KAMADA,KAMADA,05/08/1996,Eintracht Frankfurt (GER),180
Japan,16,Defender,TOMIYASU Takehiro,Takehiro,TOMIYASU,TOMIYASU,05/11/1998,Arsenal FC (ENG),187
Japan,17,Midfielder,TANAKA Ao,Ao,TANAKA,TANAKA,10/09/1998,Fortuna Düsseldorf (GER),180
Japan,18,Forward,ASANO Takuma,Takuma,ASANO,ASANO,10/11/1994,VfL Bochum (GER),173
Japan,19,Defender,SAKAI Hiroki,Hiroki,SAKAI,SAKAI,12/04/1990,Urawa Reds (JPN),185
Japan,20,Forward,MACHINO Shuto,Shuto,MACHINO,MACHINO,30/09/1999,Shonan Bellmare (JPN),185
Japan,21,Forward,UEDA Ayase,Ayase,UEDA,UEDA,28/08/1998,Cercle Brugge (BEL),182
Japan,22,Defender,YOSHIDA Maya,Maya,YOSHIDA,YOSHIDA,24/08/1988,FC Schalke 04 (GER),189
Japan,23,Goalkeeper,SCHMIDT Daniel,Daniel Yuji,YABUKI,SCHMIDT,03/02/1992,Sint-Truiden VV (BEL),197
Japan,24,Midfielder,SOMA Yuki,Yuki,SOMA,SOMA,25/02/1997,Nagoya Grampus (JPN),166
Japan,25,Forward,MAEDA Daizen,Daizen,MAEDA,MAEDA,20/10/1997,Celtic FC (SCO),173
Japan,26,Defender,ITO Hiroki,Hiroki,ITO,H. ITO,12/05/1999,VfB Stuttgart (GER),188
South Korea,1,Goalkeeper,KIM Seunggyu,Seunggyu,KIM,S G KIM,30/09/1990,Al Shabab FC (KSA),187
South Korea,2,Defender,YOON Jonggyu,Jonggyu,YOON,J G YOON,20/03/1998,FC Seoul (KOR),173
South Korea,3,Defender,KIM Jinsu,Jin Su,KIM,J S KIM,13/06/1992,Jeonbuk Hyundai FC (KOR),177
South Korea,4,Defender,KIM Minjae,Minjae,KIM,M J KIM,15/11/1996,SSC Napoli (ITA),189
South Korea,5,Midfielder,JUNG Wooyoung,Wooyoung,JUNG,W Y JUNG,14/12/1989,Al Sadd SC (QAT),188
South Korea,6,Midfielder,HWANG Inbeom,Inbeom,HWANG,I B HWANG,20/09/1996,Olympiacos Piraeus FC (GRE),177
South Korea,7,Midfielder,SON Heungmin,Heung Min,SON,H M SON,08/07/1992,Tottenham Hotspur FC (ENG),183
South Korea,8,Midfielder,PAIK Seungho,Seungho,PAIK,S H PAIK,17/03/1997,Jeonbuk Hyundai FC (KOR),182
South Korea,9,Forward,CHO Guesung,Guesung,CHO,G S CHO,25/01/1998,Jeonbuk Hyundai FC (KOR),188
South Korea,10,Midfielder,LEE Jaesung,Jae Sung,LEE,J S LEE,10/08/1992,FSV Mainz 05 (GER),180
South Korea,11,Midfielder,HWANG Heechan,Hee Chan,HWANG,H C HWANG,26/01/1996,Wolverhampton Wanderers FC (ENG),177
South Korea,12,Goalkeeper,SONG Bumkeun,Bumkeun,SONG,B K SONG,15/10/1997,Jeonbuk Hyundai FC (KOR),196
South Korea,13,Midfielder,SON Junho,Junho,SON,J H SON,12/05/1992,Shandong Luneng Taishan FC (CHN),178
South Korea,14,Defender,HONG Chul,Chul,HONG,C HONG,17/09/1990,Daegu FC (KOR),177
South Korea,15,Defender,KIM Moonhwan,Moonhwan,KIM,M H KIM,01/08/1995,Jeonbuk Hyundai FC (KOR),173
South Korea,16,Forward,HWANG Uijo,Ui Jo,HWANG,U J HWANG,28/08/1992,Olympiacos Piraeus FC (GRE),184
South Korea,17,Midfielder,NA Sangho,Sangho,NA,S H NA,12/08/1996,FC Seoul (KOR),173
South Korea,18,Midfielder,LEE Kangin,Kangin,LEE,K I LEE,19/02/2001,RCD Mallorca (ESP),173
South Korea,19,Defender,KIM Younggwon,Younggwon,KIM,Y G KIM,27/02/1990,Ulsan Hyundai FC (KOR),186
South Korea,20,Defender,KWON Kyungwon,Kyungwon,KWON,K W KWON,31/01/1992,Gamba Osaka (JPN),187
South Korea,21,Goalkeeper,JO Hyeonwoo,Hyeonwoo,JO,H W JO,25/09/1991,Ulsan Hyundai FC (KOR),189
South Korea,22,Midfielder,KWON Changhoon,Changhoon,KWON,C H KWON,30/06/1994,Gimcheon Sangmu FC (KOR),174
South Korea,23,Defender,KIM Taehwan,Taehwan,KIM,T H KIM,24/07/1989,Ulsan Hyundai FC (KOR),177
South Korea,24,Defender,CHO Yumin,Yumin,CHO,Y M CHO,17/11/1996,Daejeon Citizen FC (KOR),182
South Korea,25,Midfielder,JEONG Wooyeong,Wooyeong,JEONG,W Y JEONG,20/09/1999,SC Freiburg (GER),180
South Korea,26,Midfielder,SONG Minkyu,Minkyu,SONG,M K SONG,12/09/1999,Jeonbuk Hyundai FC (KOR),179
Mexico,1,Goalkeeper,TALAVERA Alfredo,Alfredo,TALAVERA DIAZ,A. TALAVERA,18/09/1982,FC Juárez (MEX),188
Mexico,2,Defender,ARAUJO Nestor,Nestor Alejandro,ARAUJO RAZO,N. ARAUJO,29/08/1991,Club América (MEX),187
Mexico,3,Defender,MONTES Cesar,Cesar Jasib,MONTES CASTRO,C. MONTES,24/02/1997,CF Monterrey (MEX),191
Mexico,4,Defender,ALVAREZ Edson,Edson Omar,ALVAREZ VELAZQUEZ,E. ALVAREZ,24/10/1997,AFC Ajax (NED),180
Mexico,5,Defender,VASQUEZ Johan,Johan Felipe,VASQUEZ IBARRA,J. VASQUEZ,22/10/1998,US Cremonese (ITA),182
Mexico,6,Defender,ARTEAGA Gerardo,Gerardo Daniel,ARTEAGA ZAMORA,G. ARTEAGA,07/09/1998,KRC Genk (BEL),175
Mexico,7,Midfielder,ROMO Luis,Luis Francisco,ROMO BARRON,L. ROMO,05/06/1995,CF Monterrey (MEX),183
Mexico,8,Midfielder,RODRIGUEZ Carlos,Carlos Alberto,RODRIGUEZ GOMEZ,C. RODRIGUEZ,03/01/1997,Cruz Azul (MEX),170
Mexico,9,Forward,JIMENEZ Raul,Raul Alonso,JIMENEZ RODRIGUEZ,RAUL,05/05/1991,Wolverhampton Wanderers FC (ENG),188
Mexico,10,Forward,VEGA Alexis,Ernesto Alexis,VEGA ROJAS,A. VEGA,25/11/1997,CD Guadalajara (MEX),175
Mexico,11,Forward,FUNES MORI Rogelio,Rogelio Gabriel,FUNES MORI,R. FUNES MORI,05/03/1991,CF Monterrey (MEX),186
Mexico,12,Goalkeeper,COTA Rodolfo,Rodolfo,COTA ROBLES,R. COTA,03/07/1987,Club León (MEX),188
Mexico,13,Goalkeeper,OCHOA Guillermo,Francisco Guillermo,OCHOA MAGAÑA,G. OCHOA,13/07/1985,Club América (MEX),185
Mexico,14,Midfielder,GUTIERREZ Erick,Erick Gabriel,GUTIERREZ GALAVIZ,E. GUTIERREZ,15/06/1995,PSV Eindhoven (NED),176
Mexico,15,Defender,MORENO Hector,Hector Alfredo,MORENO HERRERA,H. MORENO,17/01/1988,CF Monterrey (MEX),182
Mexico,16,Midfielder,HERRERA Hector,Hector Miguel,HERRERA LOPEZ,H. HERRERA,19/04/1990,Houston Dynamo (USA),180
Mexico,17,Forward,PINEDA Orbelin,Orbelin,PINEDA ALVARADO,O. PINEDA,24/03/1996,AEK Athens (GRE),169
Mexico,18,Midfielder,GUARDADO Andres,Jose Andres,GUARDADO HERNANDEZ,A. GUARDADO,28/09/1986,Real Betis (ESP),167
Mexico,19,Defender,SANCHEZ Jorge,Jorge Eduardo,SANCHEZ RAMOS,J. SANCHEZ,10/12/1997,AFC Ajax (NED),170
Mexico,20,Forward,MARTIN Henry,Henry Josue,MARTIN MEX,H. MARTIN,18/11/1992,Club América (MEX),180
Mexico,21,Forward,ANTUNA Uriel,Carlos Uriel,ANTUNA ROMERO,U. ANTUNA,21/08/1997,Cruz Azul (MEX),167
Mexico,22,Forward,LOZANO Hirving,Hirving Rodrigo,LOZANO BAHENA,H. LOZANO,30/07/1995,SSC Napoli (ITA),176
Mexico,23,Defender,GALLARDO Jesus,Jesus Daniel,GALLARDO VASCONCELOS,J. GALLARDO,15/08/1994,CF Monterrey (MEX),174
Mexico,24,Midfielder,CHAVEZ Luis,Luis Gerardo,CHAVEZ MAGALLON,L. CHAVEZ,15/01/1996,CF Pachuca (MEX),178
Mexico,25,Forward,ALVARADO Roberto,Roberto Carlos,ALVARADO HERNÁNDEZ,R. ALVARADO,07/09/1998,CD Guadalajara (MEX),176
Mexico,26,Defender,ALVAREZ Kevin,Kevin Nahin,ALVAREZ CAMPOS,K. ALAVREZ,15/01/1999,CF Pachuca (MEX),176
Morocco,1,Goalkeeper,BOUNOU Yassine,Yassine,BOUNOU,BONO,05/04/1991,Sevilla FC (ESP),190
Morocco,2,Defender,HAKIMI Achraf,Achraf,HAKIMI,HAKIMI,04/11/1998,Paris Saint-Germain FC (FRA),181
Morocco,3,Defender,MAZRAOUI Noussair,Noussair,MAZRAOUI,MAZRAOUI,14/11/1997,FC Bayern München (GER),183
Morocco,4,Midfielder,AMRABAT Sofyan,Sofyan,AMRABAT,AMRABAT,21/08/1996,ACF Fiorentina (ITA),183
Morocco,5,Defender,AGUERD Nayef,Nayef,AGUERD,AGUERD,30/03/1996,West Ham United FC (ENG),190
Morocco,6,Defender,SAISS Romain,Romain Ghanem Paul,SAISS,SAISS,26/03/1990,Besiktas JK (TUR),190
Morocco,7,Midfielder,ZIYECH Hakim,Hakim,ZIYACH,ZIYECH,19/03/1993,Chelsea FC (ENG),181
Morocco,8,Midfielder,OUNAHI Azzedine,Azz-Eddine,OUNAHI,OUNAHI,19/04/2000,Angers SCO (FRA),182
Morocco,9,Forward,HAMDALLAH Abderrazak,Abderrazzaq,HAMED-ALLAH,HAMEDALLAH,17/12/1990,Al Ittihad FC (KSA),179
Morocco,10,Midfielder,HARIT Amine,Amine,HARIT,HARIT,18/06/1997,Olympique Marseille (FRA),180
Morocco,11,Forward,SABIRI Abdelhamid,Abdelhamid,SABIRI,SABIRI,28/11/1996,UC Sampdoria (ITA),186
Morocco,12,Goalkeeper,EL KAJOUI Munir,Monir,EL KAJOUI,EL KAJOUI,10/05/1989,Al Wehda FC (KSA),190
Morocco,13,Midfielder,CHAIR Ilias,Ilias,CHAIR,CHAIR,30/10/1997,Queens Park Rangers FC (ENG),164
Morocco,14,Midfielder,ABOUKHLAL Zakaria,Zakaria,ABOUKHLAL,ABOUKHLAL,18/02/2000,Toulouse FC (FRA),179
Morocco,15,Midfielder,AMALLAH Selim,Selim,AMALLAH,AMALLAH,15/11/1996,Standard Liège (BEL),186
Morocco,16,Forward,EZ Abde,Abdessamad,EZZALZOULI,EZZALZOULI,17/12/2001,CA Osasuna (ESP),177
Morocco,17,Midfielder,BOUFAL Soane,Soane,BOUFAL,BOUFAL,17/09/1993,Angers SCO (FRA),170
Morocco,18,Defender,EL YAMIQ Jawad,Jawad,EL-YAMIQ,EL-YAMIQ,29/02/1992,Real Valladolid CF (ESP),193
Morocco,19,Forward,EN-NESYRI Youssef,Youssef,EN-NESYRI,EN-NESYRI,01/06/1997,Sevilla FC (ESP),188
Morocco,20,Defender,DARI Achraf,Achraf,DARI,DARI,06/05/1999,Stade Brest (FRA),190
Morocco,21,Forward,CHEDDIRA Walid,Walid,CHEDDIRA,CHEDDIRA,22/01/1998,SSC Bari (ITA),187
Morocco,22,Goalkeeper,TAGNAOUTI Reda,Ahmed Reda,TAGNAOUTI,TAGNAOUTI,05/04/1996,Wydad Casablanca (MAR),186
Morocco,23,Midfielder,EL KHANNOUSS Bilal,Bilal,EL KHANNOUSS,EL KHANNOUSS,10/05/2004,KRC Genk (BEL),180
Morocco,24,Defender,BENOUN Badr,Badr,BENOUN,BENOUN,30/09/1993,Qatar SC (QAT),188
Morocco,25,Defender,ATTIAT-ALLAH Yahya,Yahya,ATTIAT-ALLAH EL IDRISSI,ATTIAT-ALLAH,02/03/1995,Wydad Casablanca (MAR),176
Morocco,26,Midfielder,JABRANE Yahya,Yahya,JABRANE,JABRANE,18/06/1991,Wydad Casablanca (MAR),183
Netherlands,1,Goalkeeper,PASVEER Remko,Remko Jurian,PASVEER,PASVEER,08/11/1983,AFC Ajax (NED),188
Netherlands,2,Defender,TIMBER Jurrien,Jurriën David Norman,TIMBER,TIMBER,17/06/2001,AFC Ajax (NED),179
Netherlands,3,Defender,DE LIGT Matthijs,Matthijs,DE LIGT,DE LIGT,12/08/1999,FC Bayern München (GER),187
Netherlands,4,Defender,VAN DIJK Virgil,Virgil,VAN DIJK,VIRGIL,08/07/1991,Liverpool FC (ENG),195
Netherlands,5,Defender,AKE Nathan,Nathan Benjamin,AKÉ,AKÉ,18/02/1995,Manchester City FC (ENG),180
Netherlands,6,Defender,DE VRIJ Stefan,Stefan,DE VRIJ,DE VRIJ,05/02/1992,FC Internazionale (ITA),190
Netherlands,7,Forward,BERGWIJN Steven,Steven Charles,BERGWIJN,BERGWIJN,08/10/1997,AFC Ajax (NED),175
Netherlands,8,Forward,GAKPO Cody,Cody Mathès,GAKPO,GAKPO,07/05/1999,PSV Eindhoven (NED),193
Netherlands,9,Forward,DE JONG Luuk,Luuk,DE JONG,L. DE JONG,27/08/1990,PSV Eindhoven (NED),188
Netherlands,10,Forward,DEPAY Memphis,Memphis,DEPAY,MEMPHIS,13/02/1994,FC Barcelona (ESP),178
Netherlands,11,Midfielder,BERGHUIS Steven,Steven,BERGHUIS,BERGHUIS,19/12/1991,AFC Ajax (NED),182
Netherlands,12,Forward,LANG Noa,Noa Noëll,LANG,LANG,17/06/1999,Club Brugge (BEL),176
Netherlands,13,Goalkeeper,BIJLOW Justin,Justin,BIJLOW,BIJLOW,22/01/1998,Feyenoord Rotterdam (NED),188
Netherlands,14,Midfielder,KLAASSEN Davy,Davy,KLAASSEN,KLAASSEN,21/02/1993,AFC Ajax (NED),179
Netherlands,15,Midfielder,DE ROON Marten,Marten Elco,DE ROON,DE ROON,29/03/1991,Atalanta Bergamo (ITA),186
Netherlands,16,Defender,MALACIA Tyrell,Tyrell Johannes Chicco,MALACIA,MALACIA,17/08/1999,Manchester United FC (ENG),170
Netherlands,17,Defender,BLIND Daley,Daley,BLIND,BLIND,09/03/1990,AFC Ajax (NED),180
Netherlands,18,Forward,JANSSEN Vincent,Vincent Petrus Anna Sebastiaan,JANSSEN,JANSSEN,15/06/1994,Royal Antwerp FC (BEL),184
Netherlands,19,Forward,WEGHORST Wout,Wout François Maria,WEGHORST,WEGHORST,07/08/1992,Besiktas JK (TUR),197
Netherlands,20,Midfielder,KOOPMEINERS Teun,Teun,KOOPMEINERS,KOOPMEINERS,28/02/1998,Atalanta Bergamo (ITA),184
Netherlands,21,Midfielder,DE JONG Frenkie,Frenkie,DE JONG,F. DE JONG,12/05/1997,FC Barcelona (ESP),181
Netherlands,22,Defender,DUMFRIES Denzel,Denzel Justus Morris,DUMFRIES,DUMFRIES,18/04/1996,FC Internazionale (ITA),188
Netherlands,23,Goalkeeper,NOPPERT Andries,Andries,NOPPERT,NOPPERT,07/04/1994,SC Heerenveen (NED),203
Netherlands,24,Midfielder,TAYLOR Kenneth,Kenneth Ina Dorothea,TAYLOR,TAYLOR,16/05/2002,AFC Ajax (NED),182
Netherlands,25,Midfielder,SIMONS Xavi,Xavi Quentin Shay,SIMONS,SIMONS,21/04/2003,PSV Eindhoven (NED),179
Netherlands,26,Defender,FRIMPONG Jeremie,Jeremie Agyekum,FRIMPONG,FRIMPONG,10/12/2000,Bayer 04 Leverkusen (GER),171
Poland,1,Goalkeeper,SZCZESNY Wojciech,Wojciech Tomasz,SZCZĘSNY,SZCZĘSNY,18/04/1990,Juventus FC (ITA),195
Poland,2,Defender,CASH Matty,Matthew Stuart,CASH,CASH,07/08/1997,Aston Villa FC (ENG),185
Poland,3,Defender,JEDRZEJCZYK Artur,Artur Marcin,JĘDRZEJCZYK,JĘDRZEJCZYK,04/11/1987,Legia Warsaw (POL),189
Poland,4,Defender,WIETESKA Mateusz,Mateusz,WIETESKA,WIETESKA,11/02/1997,Clermont Foot (FRA),187
Poland,5,Defender,BEDNAREK Jan,Jan Kacper,BEDNAREK,BEDNAREK,12/04/1996,Aston Villa FC (ENG),189
Poland,6,Midfielder,BIELIK Krystian,Krystian,BIELIK,BIELIK,04/01/1998,Birmingham City FC (ENG),189
Poland,7,Forward,MILIK Arkadiusz,Arkadiusz Krystian,MILIK,MILIK,28/02/1994,Juventus FC (ITA),186
Poland,8,Midfielder,SZYMANSKI Damian,Damian Dawid,SZYMAŃSKI,D. SZYMAŃSKI,16/06/1995,AEK Athens (GRE),185
Poland,9,Forward,LEWANDOWSKI Robert,Robert,LEWANDOWSKI,LEWANDOWSKI,21/08/1988,FC Barcelona (ESP),185
Poland,10,Midfielder,KRYCHOWIAK Grzegorz,Grzegorz,KRYCHOWIAK,KRYCHOWIAK,29/01/1990,Al Shabab FC (KSA),186
Poland,11,Midfielder,GROSICKI Kamil,Kamil Pawel,GROSICKI,GROSICKI,08/06/1988,Pogon Szczecin (POL),180
Poland,12,Goalkeeper,SKORUPSKI Lukasz,Lukasz,SKORUPSKI,SKORUPSKI,05/05/1991,Bologna FC (ITA),187
Poland,13,Midfielder,KAMINSKI Jakub,Jakub,KAMIŃSKI,KAMIŃSKI,05/06/2002,VfL Wolfsburg (GER),179
Poland,14,Defender,KIWIOR Jakub,Jakub Piotr,KIWIOR,KIWIOR,15/02/2000,Spezia Calcio (ITA),189
Poland,15,Defender,GLIK Kamil,Kamil Jacek,GLIK,GLIK,03/02/1988,Benevento Calcio (ITA),190
Poland,16,Forward,SWIDERSKI Karol,Karol Grzegorz,ŚWIDERSKI,ŚWIDERSKI,23/01/1997,Charlotte FC (USA),184
Poland,17,Midfielder,ZURKOWSKI Szymon,Szymon Piotr,ŻURKOWSKI,ŻURKOWSKI,25/09/1997,ACF Fiorentina (ITA),185
Poland,18,Defender,BERESZYNSKI Bartosz,Bartosz,BERESZYŃSKI,BERESZYŃSKI,12/07/1992,UC Sampdoria (ITA),182
Poland,19,Midfielder,SZYMANSKI Sebastian,Sebastian,SZYMAŃSKI,S. SZYMAŃSKI,10/05/1999,Feyenoord Rotterdam (NED),174
Poland,20,Midfielder,ZIELINSKI Piotr,Piotr Sebastian,ZIELIŃSKI,ZIELIŃSKI,20/05/1994,SSC Napoli (ITA),177
Poland,21,Midfielder,ZALEWSKI Nicola,Nicola,ZALEWSKI,ZALEWSKI,23/01/2002,AS Roma (ITA),175
Poland,22,Goalkeeper,GRABARA Kamil,Kamil Mieczysław,GRABARA,GRABARA,08/01/1999,FC København (DEN),195
Poland,23,Forward,PIATEK Krzysztof,Krzysztof,PIĄTEK,PIĄTEK,01/07/1995,US Salernitana (ITA),183
Poland,24,Midfielder,FRANKOWSKI Przemyslaw,Przemyslaw Adam,FRANKOWSKI,FRANKOWSKI,12/04/1995,RC Lens (FRA),175
Poland,25,Defender,GUMNY Robert,Robert Krzysztof,GUMNY,GUMNY,04/06/1998,FC Augsburg (GER),182
Poland,26,Midfielder,SKORAS Michal,Michał Krzysztof,SKÓRAŚ,SKÓRAŚ,15/02/2000,Lech Poznan (POL),172
Portugal,1,Goalkeeper,RUI PATRICIO,Rui Pedro,DOS SANTOS PATRÍCIO,RUI PATRICIO,15/02/1988,AS Roma (ITA),189
Portugal,2,Defender,DIOGO DALOT,José Diogo,DALOT TEIXEIRA,DALOT,18/03/1999,Manchester United FC (ENG),184
Portugal,3,Defender,PEPE,Kepler Laveran,DE LIMA FERREIRA,PEPE,26/02/1983,FC Porto (POR),188
Portugal,4,Defender,RUBEN DIAS,Rúben,DOS SANTOS GATO ALVES DIAS,RUBEN DIAS,14/05/1997,Manchester City FC (ENG),187
Portugal,5,Defender,RAPHAEL GUERREIRO,Raphael Adelino José,GUERREIRO,RAPHAEL,22/12/1993,Borussia Dortmund (GER),170
Portugal,6,Midfielder,JOAO PALHINHA,João Maria,LOBO ALVES PALHINHA GONÇALVES,PALHINHA,09/07/1995,Fulham FC (ENG),190
Portugal,7,Forward,CRISTIANO RONALDO,Cristiano Ronaldo,DOS SANTOS AVEIRO,RONALDO,05/02/1985,Manchester United FC (ENG),185
Portugal,8,Midfielder,BRUNO FERNANDES,Bruno Miguel,BORGES FERNANDES,B. FERNANDES,08/09/1994,Manchester United FC (ENG),183
Portugal,9,Forward,ANDRE SILVA,André Miguel,VALENTE DA SILVA,ANDRÉ SILVA,06/11/1995,RB Leipzig (GER),184
Portugal,10,Forward,BERNARDO SILVA,Bernardo,MOTA VEIGA DE CARVALHO E SILVA,BERNARDO,10/08/1994,Manchester City FC (ENG),173
Portugal,11,Forward,JOAO FELIX,João,FÉLIX SEQUEIRA,JOÃO FÉLIX,10/11/1999,CA Atlético Madrid (ESP),179
Portugal,12,Goalkeeper,JOSE SA,José Pedro,MALHEIRO DE SÁ,JOSÉ SÁ,17/01/1993,Wolverhampton Wanderers FC (ENG),192
Portugal,13,Defender,DANILO PEREIRA,Danilo Luis Hélio,PEREIRA,DANILO,09/09/1991,Paris Saint-Germain FC (FRA),188
Portugal,14,Midfielder,WILLIAM CARVALHO,William,SILVA DE CARVALHO,WILLIAM,07/04/1992,Real Betis (ESP),190
Portugal,15,Forward,RAFAEL LEAO,Rafael Alexandre,DA CONCEIÇÃO LEÃO,R. LEÃO,10/06/1999,AC Milan (ITA),188
Portugal,16,Midfielder,VITINHA,Vitor,MACHADO FERREIRA,VITINHA,13/02/2000,Paris Saint-Germain FC (FRA),172
Portugal,17,Midfielder,JOAO MARIO,João Mário,NAVAL DA COSTA EDUARDO,J. MÁRIO,19/01/1993,SL Benca (POR),179
Portugal,18,Midfielder,RUBEN NEVES,Ruben Diogo,SILVA NEVES,R. NEVES,13/03/1997,Wolverhampton Wanderers FC (ENG),180
Portugal,19,Defender,NUNO MENDES,Nuno Alexandre,TAVARES MENDES,N. MENDES,19/06/2002,Paris Saint-Germain FC (FRA),176
Portugal,20,Defender,JOAO CANCELO,João Pedro,CAVACO CANCELO,JOÃO CANCELO,27/05/1994,Manchester City FC (ENG),182
Portugal,21,Forward,RICARDO HORTA,Ricardo Jorge,DA LUZ HORTA,R. HORTA,15/09/1994,SC Braga (POR),173
Portugal,22,Goalkeeper,DIOGO COSTA,Diogo,MEIRELES DA COSTA,DIOGO COSTA,19/09/1999,FC Porto (POR),192
Portugal,23,Midfielder,MATHEUS NUNES,Matheus Luís,NUNES,MATHEUS N.,27/08/1998,Wolverhampton Wanderers FC (ENG),181
Portugal,24,Defender,ANTONIO SILVA,António João,PEREIRA DE ALBUQUERQUE TAVARES,ANTÓNIO S.,30/10/2003,SL Benca (POR),187
Portugal,25,Midfielder,OTAVIO,Otávio Edmilson,DA SILVA MONTEIRO,OTÁVIO,09/02/1995,FC Porto (POR),172
Portugal,26,Forward,GONCALO RAMOS,Gonçalo,MATIAS RAMOS,G. RAMOS,20/06/2001,SL Benca (POR),185
Qatar,1,Goalkeeper,SAAD ALSHEEB,Saad Abdulla M E,ALSHEEB,ALSHEEB,19/02/1990,Al Sadd SC (QAT),188
Qatar,2,Defender,PEDRO MIGUEL,Pedro Miguel D D,CORREIA,PEDRO,06/08/1990,Al Sadd SC (QAT),180
Qatar,3,Midfielder,ABDELKARIM HASSAN,Abdelkarim Hassan A,FADLALLA,ABDELKARIM,28/08/1993,Al Sadd SC (QAT),185
Qatar,4,Defender,MOHAMMED WAAD,Mohammed Waad A,ALBAYATI,WAAD,18/09/1999,Al Sadd SC (QAT),183
Qatar,5,Defender,TAREK SALMAN,Tarek Salman S,SALMAN,TAREK,05/12/1997,Al Sadd SC (QAT),179
Qatar,6,Midfielder,ABDULAZIZ HATEM,Abdelaziz Hatim A,MOHAMED,A. HATEM,01/01/1990,Al Rayyan SC (QAT),182
Qatar,7,Forward,AHMED ALAAELDIN,Ahmed Alaaeldin B M,ABDELMOTAAL,ALAADIN,31/01/1993,Al Gharafa SC (QAT),176
Qatar,8,Midfielder,ALI ASAD,Ali Asadalla Q B,THAIMN,ALI,19/01/1993,Al Sadd SC (QAT),174
Qatar,9,Forward,MOHAMMED MUNTARI,Mohammed,MUNTARI,MUNTARI,20/12/1993,Al Duhail SC (QAT),192
Qatar,10,Midfielder,HASSAN ALHAYDOS,Hasan Khalid H,ALHAYDOS,ALHAYDOS,11/12/1990,Al Sadd SC (QAT),174
Qatar,11,Forward,AKRAM AFIF,Akram Hassan A Y,AFIF,AFIF,18/11/1996,Al Sadd SC (QAT),176
Qatar,12,Midfielder,KARIM BOUDIAF,Karim,BOUDIAF,BOUDIAF,16/09/1990,Al Duhail SC (QAT),190
Qatar,13,Defender,MUSAAB KHIDIR,Musaab Khidir K,MOHAMED,MUSAAB,01/01/1993,Al Sadd SC (QAT),176
Qatar,14,Defender,HOMAM AHMED,Homam Elamin M,AHMED,HOMAM,25/08/1999,Al Gharafa SC (QAT),188
Qatar,15,Defender,BASSAM ALRAWI,Bassam Husham A,ALRAWI,BASSAM,16/12/1997,Al Duhail SC (QAT),175
Qatar,16,Defender,BOUALEM KHOUKHI,Boualem,KHOUKHI,KHOUKHI,09/07/1990,Al Sadd SC (QAT),185
Qatar,17,Defender,ISMAIL MOHAMAD,Ismail Mohamad M,B,ISMAIL M.,05/04/1990,Al Duhail SC (QAT),172
Qatar,18,Forward,KHALID MUNEER,Khalid Muneer A A,MAZEED,K. MUNEER,24/02/1998,Al Wakrah SC (QAT),174
Qatar,19,Forward,ALMOEZ ALI,Almoez Ali Zainelabdeen M,ABDULLA,ALMOEZ,19/08/1996,Al Duhail SC (QAT),180
Qatar,20,Midfielder,SALEM ALHAJRI,Salem Ali S S,AL-HAJRI,SALEM,10/04/1996,Al Sadd SC (QAT),183
Qatar,21,Goalkeeper,YOUSOF HASSAN,Yousof Hassan M,ALI,YOUSOF,24/05/1996,Al Gharafa SC (QAT),186
Qatar,22,Goalkeeper,MESHAAL BARSHAM,Meshaal Aissa M,BARSHAM,BARSHAM,14/02/1998,Al Sadd SC (QAT),180
Qatar,23,Midfielder,ASSIM MADIBO,Assim Omer A,MADIBO,MADIBO,22/10/1996,Al Duhail SC (QAT),168
Qatar,24,Midfielder,NAIF ALHADHRAMI,Naif Abdulraheem O,ALHADHRAMI,NAYEF,18/07/2001,Al Rayyan SC (QAT),180
Qatar,25,Midfielder,JASSEM GABER,Jassem Gaber E,ABDULSALLAM,JASSEM,20/02/2002,Al Arabi SC (QAT),182
Qatar,26,Midfielder,MOUSTAFA TAREK,Moustafa Tarek M M,MASHAL,MUSTAFA,28/03/2001,Al Sadd SC (QAT),174
Saudi Arabia,1,Goalkeeper,MOHAMMED ALYAMI,Mohammed Faraj S,ALYAMI,ALYAMI,14/08/1997,Al Ahli SC (KSA),190
Saudi Arabia,2,Defender,SULTAN ALGHANNAM,Sultan Abdullah S,ALGHANNAM,SULTAN,06/05/1994,Al Nassr FC (KSA),173
Saudi Arabia,3,Defender,ABDULLAH MADU,Abdullah Mohammed M,MADU,MADU,15/07/1993,Al Nassr FC (KSA),187
Saudi Arabia,4,Defender,ABDULELAH ALAMRI,Abdulelah Ali A,ALAMRI,ALAMRI,15/01/1997,Al Nassr FC (KSA),185
Saudi Arabia,5,Defender,ALI ALBULAYHI,Ali Hadi M,AL BULAYHI,ALBULAYHI,21/11/1989,Al Hilal SFC (KSA),182
Saudi Arabia,6,Defender,MOHAMMED ALBURAYK,Mohammed Ibrahim M,ALBURAYK,ALBURAYK,15/09/1992,Al Hilal SFC (KSA),173
Saudi Arabia,7,Midfielder,SALMAN ALFARAJ,Salman Mohammed M,ALFARAJ,SALMAN,01/08/1989,Al Hilal SFC (KSA),180
Saudi Arabia,8,Midfielder,ABDULELAH ALMALKI,Abdulelah Saad H,ALMALKI,ALMALKI,11/10/1994,Al Hilal SFC (KSA),176
Saudi Arabia,9,Forward,FERAS ALBRIKAN,Feras Tariq N,ALBRIKAN,FERAS,14/05/2000,Al Fateh SC (KSA),181
Saudi Arabia,10,Forward,SALEM ALDAWSARI,Salem Mohammed S,ALDAWSARI,SALEM,19/08/1991,Al Hilal SFC (KSA),172
Saudi Arabia,11,Forward,SALEH ALSHEHRI,Saleh Khalid M,ALSHEHRI,SALEH,01/11/1993,Al Hilal SFC (KSA),184
Saudi Arabia,12,Defender,SAUD ABDULHAMID,Saud Abdullah S,ABDULHAMID,SAUD,18/07/1999,Al Hilal SFC (KSA),171
Saudi Arabia,13,Defender,YASSER ALSHAHRANI,Yasir Gharsan S,ALSHAHRANI,YASSER,25/05/1992,Al Hilal SFC (KSA),171
Saudi Arabia,14,Midfielder,ABDULLAH OTAYF,Abdullah Ibrahim Y,OTAYF,OTAYF,03/08/1992,Al Hilal SFC (KSA),177
Saudi Arabia,15,Midfielder,ALI ALHASSAN,Ali Sadiq N,ALHASSAN,ALHASSAN,04/03/1997,Al Nassr FC (KSA),182
Saudi Arabia,16,Midfielder,SAMI ALNAJI,Sami Khalil N,ALNAJI,SAMI,07/02/1997,Al Nassr FC (KSA),176
Saudi Arabia,17,Defender,HASSAN ALTAMBAKTI,Hassan Mohammed O,ALTAMBAKTI,ALTAMBAKTI,09/02/1999,Al Shabab FC (KSA),182
Saudi Arabia,18,Midfielder,NAWAF ALABID,Nawaf Shaker F,ALABID,NAWAF,26/01/1990,Al Shabab FC (KSA),169
Saudi Arabia,19,Forward,HATAN BAHBRI,Hatan Sultan A,BAHBRI,HATAN,16/07/1992,Al Shabab FC (KSA),172
Saudi Arabia,20,Forward,ABDULRAHMAN ALOBUD,Abdulrahman Ali H,ALOBUD,ALOBUD,01/06/1995,Al Ittihad FC (KSA),174
Saudi Arabia,21,Goalkeeper,MOHAMMED ALOWAIS,Mohammed Khalil I,ALOWAIS,ALOWAIS,10/10/1991,Al Hilal SFC (KSA),185
Saudi Arabia,22,Goalkeeper,NAWAF ALAQIDI,Nawaf Dhahi F,ALAQIDI,ALAQIDI,10/05/2000,Al Nassr FC (KSA),186
Saudi Arabia,23,Midfielder,MOHAMED KANNO,Mohammed Ibrahim A,KANNO,KANNO,22/09/1994,Al Hilal SFC (KSA),192
Saudi Arabia,24,Midfielder,NASSER ALDAWSARI,Nasser Essa S,ALDAWSARI,NASSER,19/12/1998,Al Hilal SFC (KSA),178
Saudi Arabia,25,Forward,HAITHAM ASIRI,Haitham Mohammed A,ASIRI,HAITHAM,25/03/2001,Al Ahli SC (KSA),173
Saudi Arabia,26,Midfielder,RIYADH SHARAHILI,Riyadh Mohammed M,SHARAHILI,RIYADH,28/04/1993,Abha Club (KSA),184
Senegal,1,Goalkeeper,MENDY Edouard,Edouard Osoque,MENDY,MENDY,01/03/1992,Chelsea FC (ENG),194
Senegal,2,Defender,JAKOBS Ismail,Ismail Joshua,JAKOBS,JAKOBS,17/08/1999,AS Monaco (FRA),184
Senegal,3,Defender,KOULIBALY Kalidou,Kalidou,KOULIBALY,KOULIBALY,20/06/1991,Chelsea FC (ENG),195
Senegal,4,Defender,DIALLO Abdou,Abdou Lakhad,DIALLO,DIALLO,04/05/1996,RB Leipzig (GER),187
Senegal,5,Midfielder,GUEYE Idrissa Gana,Idrissa Gana,GUEYE,GANA,26/09/1989,Everton FC (ENG),174
Senegal,6,Midfielder,MENDY Nampalys,Nampalys,MENDY,NAMPALYS,23/06/1992,Leicester City FC (ENG),167
Senegal,7,Defender,SABALY Youssouf,Youssouf,SABALY,SABALY,05/03/1993,Real Betis (ESP),174
Senegal,8,Defender,KOUYATE Cheikhou,Cheikhou,KOUYATE,KOUYATE,21/12/1989,Nottingham Forest FC (ENG),189
Senegal,9,Forward,NDIAYE Iliman,Iliman Cheikh Baroy,NDIAYE,ILIMAN,06/03/2000,Sheeld United FC (ENG),180
Senegal,10,Forward,MANE Sadio,Sadio,MANÉ,MANÉ,10/04/1992,FC Bayern München (GER),175
Senegal,11,Defender,MENDY Formose,Formose,MENDY,FORMOSE,02/01/2001,Amiens SC (FRA),191
Senegal,12,Defender,CISSE Pape Abou,Pape Abou,CISSE,PAPE ABOU,14/09/1995,Olympiacos Piraeus FC (GRE),192
Senegal,13,Midfielder,GUEYE Pape,Pape Alassane,GUEYE,PAPE GUEYE,24/01/1999,Olympique Marseille (FRA),189
Senegal,14,Defender,NAME Moustapha,Moustapha,NAME,NAME,05/05/1995,Pafos FC (CYP),183
Senegal,15,Midfielder,DIATTA Krepin,Krépin,DIATTA,K DIATTA,25/02/1999,AS Monaco (FRA),173
Senegal,16,Midfielder,CISS Pathe,Ismaila Pathe,CISS,PATHE,16/03/1994,Rayo Vallecano (ESP),186
Senegal,17,Midfielder,SARR Pape Matar,Pape Matar,SARR,PAPE SARR,14/09/2002,Tottenham Hotspur FC (ENG),185
Senegal,18,Forward,SARR Ismaila,Ismaila,SARR,I SARR,25/02/1998,Watford FC (ENG),175
Senegal,19,Forward,DIEDHIOU Famara,Famara,DIEDHIOU,DIEDHIOU,15/12/1992,Alanyaspor (TUR),192
Senegal,20,Forward,DIENG Bamba,Cheikh Ahmadou Bamba Mbacke,DIENG,BAMBA,23/03/2000,Olympique Marseille (FRA),178
Senegal,21,Forward,DIA Boulaye,Boulaye,DIA,DIA,16/11/1996,US Salernitana (ITA),180
Senegal,22,Defender,BALLO-TOURE Fode,Fode,BALLO,FODE BALLO,03/01/1997,AC Milan (ITA),182
Senegal,23,Goalkeeper,DIENG Seny,Seny Timothy,DIENG,SENY,23/11/1994,Queens Park Rangers FC (ENG),195
Senegal,24,Midfielder,NDIAYE Mamadou Loum,Mamadou Loum,NDIAYE,LOUM NDIAYE,30/12/1996,Reading FC (ENG),193
Senegal,25,Forward,JACKSON Nicolas,Nicolas,JACKSON,JACKSON,20/06/2001,Villarreal CF (ESP),186
Senegal,26,Goalkeeper,GOMIS Alfred,Amigo Alfred Junior,GOMIS,GOMIS,05/09/1993,Stade Rennais FC (FRA),196
Serbia,1,Goalkeeper,DMITROVIC Marko,Marko,DMITROVIĆ,DMITROVIĆ,24/01/1992,Sevilla FC (ESP),194
Serbia,2,Defender,PAVLOVIC Strahinja,Strahinja,PAVLOVIĆ,PAVLOVIĆ,24/05/2001,FC Red Bull Salzburg (AUT),194
Serbia,3,Defender,ERAKOVIC Strahinja,Strahinja,ERAKOVIĆ,ERAKOVIĆ,22/01/2001,FK Crvena Zvezda (SRB),184
Serbia,4,Defender,MILENKOVIC Nikola,Nikola,MILENKOVIĆ,MILENKOVIĆ,12/10/1997,ACF Fiorentina (ITA),195
Serbia,5,Defender,VELJKOVIC Milos,Miloš,VELJKOVIĆ,VELJKOVIĆ,26/09/1995,SV Werder Bremen (GER),188
Serbia,6,Midfielder,MAKSIMOVIC Nemanja,Nemanja,MAKSIMOVIĆ,MAKSIMOVIĆ,26/01/1995,Getafe CF (ESP),189
Serbia,7,Forward,RADONJIC Nemanja,Nemanja,RADONJIĆ,RADONJIĆ,15/02/1996,Torino FC (ITA),185
Serbia,8,Midfielder,GUDELJ Nemanja,Nemanja,GUDELJ,GUDELJ,16/11/1991,Sevilla FC (ESP),187
Serbia,9,Forward,MITROVIC Aleksandar,Aleksandar,MITROVIĆ,A. MITROVIĆ,16/09/1994,Fulham FC (ENG),189
Serbia,10,Forward,TADIC Dusan,Dušan,TADIĆ,TADIĆ,20/11/1988,AFC Ajax (NED),181
Serbia,11,Forward,JOVIC Luka,Luka,JOVIĆ,JOVIĆ,23/12/1997,ACF Fiorentina (ITA),181
Serbia,12,Goalkeeper,RAJKOVIC Predrag,Predrag,RAJKOVIĆ,RAJKOVIĆ,31/10/1995,RCD Mallorca (ESP),191
Serbia,13,Defender,MITROVIC Stefan,Stefan,MITROVIĆ,S. MITROVIĆ,22/05/1990,Getafe CF (ESP),189
Serbia,14,Midfielder,ZIVKOVIC Andrija,Andrija,ŽIVKOVIĆ,ŽIVKOVIĆ,11/07/1996,PAOK Saloniki (GRE),170
Serbia,15,Defender,BABIC Srdjan,Srđan,BABIĆ,BABIĆ,22/04/1996,UD Almería (ESP),195
Serbia,16,Midfielder,LUKIC Sasa,Saša,LUKIĆ,LUKIĆ,13/08/1996,Torino FC (ITA),183
Serbia,17,Midfielder,KOSTIC Filip,Filip,KOSTIĆ,KOSTIĆ,01/11/1992,Juventus FC (ITA),184
Serbia,18,Forward,VLAHOVIC Dusan,Dušan,VLAHOVIĆ,VLAHOVIĆ,28/01/2000,Juventus FC (ITA),190
Serbia,19,Midfielder,RACIC Uros,Uroš,RAČIĆ,RAČIĆ,17/03/1998,SC Braga (POR),193
Serbia,20,Midfielder,MILINKOVIC-SAVIC Sergej,Sergej,MILINKOVIĆ-SAVIĆ,SERGEJ,27/02/1995,SS Lazio (ITA),192
Serbia,21,Forward,DJURICIC Filip,Filip,ĐURIČIĆ,ĐURIČIĆ,30/01/1992,UC Sampdoria (ITA),176
Serbia,22,Midfielder,LAZOVIC Darko,Darko,LAZOVIĆ,LAZOVIĆ,15/09/1990,Hellas Verona FC (ITA),181
Serbia,23,Goalkeeper,MILINKOVIC-SAVIC Vanja,Vanja,MILINKOVIĆ SAVIĆ,VANJA,20/02/1997,Torino FC (ITA),202
Serbia,24,Midfielder,ILIC Ivan,Ivan,ILIĆ,ILIĆ,17/03/2001,Hellas Verona FC (ITA),182
Serbia,25,Defender,MLADENOVIC Filip,Filip,MLADENOVIĆ,MLADENOVIĆ,15/08/1991,Legia Warsaw (POL),181
Serbia,26,Midfielder,GRUJIC Marko,Marko,GRUJIĆ,GRUJIĆ,13/4/1996,FC Porto (POR),191
Spain,1,Goalkeeper,SANCHEZ Robert,Robert,LYNCH SÁNCHEZ,SÁNCHEZ,18/11/1997,Brighton & Hove Albion FC (ENG),197
Spain,2,Defender,AZPILICUETA Cesar,César,AZPILICUETA TANCO,AZPILICUETA,28/08/1989,Chelsea FC (ENG),178
Spain,3,Defender,GARCIA Eric,Eric,GARCÍA MARTRET,ERIC,09/01/2001,FC Barcelona (ESP),182
Spain,4,Defender,TORRES Pau,Pau,FRANCISCO TORRES,PAU,16/01/1997,Villarreal CF (ESP),191
Spain,5,Midfielder,BUSQUETS Sergio,Sergio,BUSQUETS BURGOS,SERGIO,16/07/1988,FC Barcelona (ESP),189
Spain,6,Midfielder,LLORENTE Marcos,Marcos,LLORENTE MORENO,M. LLORENTE,30/01/1995,CA Atlético Madrid (ESP),184
Spain,7,Forward,MORATA Alvaro,Álvaro Borja,MORATA MARTÍN,MORATA,23/10/1992,CA Atlético Madrid (ESP),188
Spain,8,Midfielder,KOKE,Jorge,RESURRECCIÓN MERODIO,KOKE,08/01/1992,CA Atlético Madrid (ESP),176
Spain,9,Midfielder,GAVI,Pablo,PAEZ GAVIRA,GAVI,05/08/2004,FC Barcelona (ESP),173
Spain,10,Forward,ASENSIO Marco,Marco,ASENSIO WILLEMSEN,M. ASENSIO,21/01/1996,Real Madrid CF (ESP),175
Spain,11,Forward,TORRES Ferran,Ferran,TORRES GARCÍA,FERRAN,29/02/2000,FC Barcelona (ESP),184
Spain,12,Forward,WILLIAMS Nico,Nicholas,WILLIAMS ARTHUER,WILLIAMS JR.,12/07/2002,Athletic Club (ESP),181
Spain,13,Goalkeeper,RAYA David,David,RAYA MARTÍN,RAYA,15/09/1995,Brentford FC (ENG),183
Spain,14,Defender,GAYA Jose,José Luis,GAYÀ PEÑA,GAYÀ,25/05/1995,Valencia CF (ESP),172
Spain,15,Defender,GUILLAMON Hugo,Hugo,GUILLAMÓN SANMARTÍN,HUGO G.,31/01/2000,Valencia CF (ESP),178
Spain,16,Midfielder,RODRI,Rodrigo,HERNÁNDEZ CASCANTE,RODRIGO,22/06/1996,Manchester City FC (ENG),190
Spain,17,Forward,PINO Yeremy,Yeremy Jesús,PINO SANTOS,YEREMY,20/10/2002,Villarreal CF (ESP),172
Spain,18,Defender,ALBA Jordi,Jordi,ALBA RAMOS,JORDI ALBA,21/03/1989,FC Barcelona (ESP),170
Spain,19,Midfielder,SOLER Carlos,Carlos,SOLER BARRAGAN,C. SOLER,02/01/1997,Paris Saint-Germain FC (FRA),180
Spain,20,Defender,CARVAJAL Dani,Daniel,CARVAJAL RAMOS,CARVAJAL,11/01/1992,Real Madrid CF (ESP),173
Spain,21,Forward,OLMO Dani,Daniel,OLMO CARVAJAL,OLMO,07/05/1998,RB Leipzig (GER),179
Spain,22,Forward,SARABIA Pablo,Pablo,SARABIA GARCIA,SARABIA,11/05/1992,Paris Saint-Germain FC (FRA),179
Spain,23,Goalkeeper,SIMON Unai,Unai,SIMÓN MENDIBIL,UNAI SIMÓN,11/06/1997,Athletic Club (ESP),190
Spain,24,Defender,LAPORTE Aymeric,Aymeric,LAPORTE FEVRE,LAPORTE,27/05/1994,Manchester City FC (ENG),189
Spain,25,Forward,FATI Ansu,Anssumane,FATI VIEIRA,ANSU FATI,31/10/2002,FC Barcelona (ESP),178
Spain,26,Midfielder,PEDRI,Pedro,GONZÁLEZ LÓPEZ,PEDRI,25/11/2002,FC Barcelona (ESP),174
Switzerland,1,Goalkeeper,SOMMER Yann,Yann,SOMMER,SOMMER,17/12/1988,VfL Borussia Mönchengladbach (GER),183
Switzerland,2,Defender,FERNANDES Edimilson,Edimilson,FERNANDES RIBEIRO,FERNANDES,15/04/1996,FSV Mainz 05 (GER),190
Switzerland,3,Defender,WIDMER Silvan,Silvan Dominic,WIDMER,WIDMER,05/03/1993,FSV Mainz 05 (GER),183
Switzerland,4,Defender,ELVEDI Nico,Nico,ELVEDI,ELVEDI,30/09/1996,VfL Borussia Mönchengladbach (GER),187
Switzerland,5,Defender,AKANJI Manuel,Manuel Obafemi,AKANJI,AKANJI,19/07/1995,Manchester City FC (ENG),186
Switzerland,6,Midfielder,ZAKARIA Denis,Denis Lemi,ZAKARIA LAKO LADO,ZAKARIA,20/11/1996,Chelsea FC (ENG),189
Switzerland,7,Forward,EMBOLO Breel,Breel Donald,EMBOLO,EMBOLO,14/02/1997,AS Monaco (FRA),184
Switzerland,8,Midfielder,FREULER Remo,Remo Marco,FREULER,FREULER,15/04/1992,Nottingham Forest FC (ENG),181
Switzerland,9,Forward,SEFEROVIC Haris,Haris,SEFEROVIC,SEFEROVIC,22/02/1992,Galatasaray SK (TUR),186
Switzerland,10,Midfielder,XHAKA Granit,Granit,XHAKA,XHAKA,27/09/1992,Arsenal FC (ENG),183
Switzerland,11,Defender,STEFFEN Renato,Renato,STEFFEN,STEFFEN,03/11/1991,FC Lugano (SUI),170
Switzerland,12,Goalkeeper,OMLIN Jonas,Jonas,OMLIN,OMLIN,10/01/1994,Montpellier HSC (FRA),190
Switzerland,13,Defender,RODRIGUEZ Ricardo,Ricardo Ivan,RODRIGUEZ ARAYA,RODRIGUEZ,25/08/1992,Torino FC (ITA),180
Switzerland,14,Midfielder,AEBISCHER Michel,Michel,AEBISCHER,AEBISCHER,06/01/1997,Bologna FC (ITA),183
Switzerland,15,Midfielder,SOW Djibril,Mohameth Djibril Ibrahima,SOW,SOW,06/02/1997,Eintracht Frankfurt (GER),183
Switzerland,16,Midfielder,FASSNACHT Christian,Christian Andreas,FASSNACHT,FASSNACHT,11/11/1993,BSC Young Boys (SUI),185
Switzerland,17,Forward,VARGAS Ruben,Ruben Estephan,VARGAS MARITNEZ,VARGAS,05/08/1998,FC Augsburg (GER),179
Switzerland,18,Defender,COEMERT Eray,Eray Ervin,CÖMERT,CÖMERT,04/02/1998,Valencia CF (ESP),183
Switzerland,19,Forward,OKAFOR Noah,Noah Arinzechukwu,OKAFOR,OKAFOR,24/05/2000,FC Red Bull Salzburg (AUT),185
Switzerland,20,Midfielder,FREI Fabian,Fabian,FREI,FREI,08/01/1989,FC Basel (SUI),183
Switzerland,21,Goalkeeper,KOBEL Gregor,Gregor,KOBEL,KOBEL,06/12/1997,Borussia Dortmund (GER),194
Switzerland,22,Defender,SCHAER Fabian,Fabian Lukas,SCHÄR,SCHÄR,20/12/1991,Newcastle United FC (ENG),186
Switzerland,23,Midfielder,SHAQIRI Xherdan,Xherdan,SHAQIRI,SHAQIRI,10/10/1991,Chicago Fire (USA),169
Switzerland,24,Goalkeeper,KOEHN Philipp,Philipp Francois,KÖHN,KÖHN,02/04/1998,FC Red Bull Salzburg (AUT),190
Switzerland,25,Midfielder,RIEDER Fabian,Fabian,RIEDER,RIEDER,16/02/2002,BSC Young Boys (SUI),181
Switzerland,26,Midfielder,JASHARI Ardon,Ardon,JASHARI,JASHARI,30/07/2002,FC Luzern (SUI),181
Tunisia,1,Goalkeeper,MATHLOUTHI Aymen,Aymen,MATHLOUTHI,MATHLOUTHI,14/09/1984,Étoile Du Sahel (TUN),182
Tunisia,2,Defender,IFA Bilel,Bilel,IFA,IFA,09/03/1990,Al Kuwait SC (KUW),185
Tunisia,3,Defender,TALBI Montassar,Montassar Omar,TALBI,TALBI,26/05/1998,FC Lorient (FRA),190
Tunisia,4,Defender,MERIAH Yassine,Yassine,MERIAH,MERIAH,02/07/1993,Espérance Tunis (TUN),183
Tunisia,5,Midfielder,GHANDRI Nader,Nader,GHANDRI,GHANDRI,18/02/1995,Club Africain (TUN),196
Tunisia,6,Defender,BRONN Dylan,Dylan Daniel Mahmoud,BRONN,BRONN,19/06/1995,US Salernitana (ITA),186
Tunisia,7,Forward,MSAKNI Youssef,Youssef,MSAKNI,MSAKNI,28/10/1990,Al Arabi SC (QAT),175
Tunisia,8,Midfielder,MEJBRI Hannibal,Hannibal,MEJBRI,HANNIBAL,21/01/2003,Birmingham City FC (ENG),177
Tunisia,9,Forward,JEBALI Issam,Issam,JEBALI,JEBALI,25/12/1991,Odense BK (DEN),182
Tunisia,10,Forward,KHAZRI Wahbi,Wahbi,KHAZRI,KHAZRI,08/02/1991,Montpellier HSC (FRA),182
Tunisia,11,Forward,KHENISSI Taha Yassine,Taha Yassine,KHENISSI,KHENISSI,06/01/1992,Al Kuwait SC (KUW),180
Tunisia,12,Defender,MAALOUL Ali,Ali,MAALOUL,MAALOUL,01/01/1990,Al Ahly SC (EGY),175
Tunisia,13,Midfielder,SASSI Ferjani,Ferjani,SASSI,SASSI,18/03/1992,Al Duhail SC (QAT),186
Tunisia,14,Midfielder,LAIDOUNI Aissa,Aïssa Bilal,LAÏDOUNI,LAÏDOUNI,13/12/1996,Ferencvárosi TC (HUN),183
Tunisia,15,Midfielder,BEN ROMDHANE Mohamed Ali,Mohamed Ali,BEN ROMDHAN,BEN ROMDHANE,06/09/1999,Espérance Tunis (TUN),182
Tunisia,16,Goalkeeper,DAHMEN Aymen,Aymen,DAHMEN,DAHMEN,28/01/1997,CS Sfaxien (TUN),188
Tunisia,17,Midfielder,SKHIRI Ellyes,Ellyes Joris,SKHIRI,SKHIRI,10/05/1995,1. FC Köln (GER),185
Tunisia,18,Midfielder,CHAALELI Ghaylen,Ghaylen,CHAALELI,CHAALELI,28/02/1994,Espérance Tunis (TUN),179
Tunisia,19,Forward,JAZIRI Seifeddine,Seifeddine,JAZIRI,JAZIRI,12/02/1993,Zamalek SC (EGY),180
Tunisia,20,Defender,DRAGER Mohamed,Mohamed,DRAGER,DRAGER,25/06/1996,FC Luzern (SUI),180
Tunisia,21,Defender,KECHRIDA Wajdi,Wajdi,KECHRIDA,KECHRIDA,05/11/1995,Atromitos FC (GRE),177
Tunisia,22,Goalkeeper,BEN SAID Bechir,Bechir,SAID,BEN SAID,29/11/1992,US Monastir (TUN),193
Tunisia,23,Forward,SLITI Naim,Naim,SLITI,SLITI,27/07/1992,Al Ettifaq FC (KSA),173
Tunisia,24,Defender,ABDI Ali,Ali,ELABDI,ABDI,20/12/1993,SM Caen (FRA),177
Tunisia,25,Forward,BEN SLIMANE Anis,Anis,BEN SLIMANE,BEN SLIMANE,16/03/2001,Brøndby IF (DEN),188
Tunisia,26,Goalkeeper,HASSEN Mouez,Mouez,HASSEN,HASSEN,05/03/1995,Club Africain (TUN),186
Uruguay,1,Goalkeeper,MUSLERA Fernando,Nestor Fernando,MUSLERA MICOL,F. MUSLERA,16/06/1986,Galatasaray SK (TUR),190
Uruguay,2,Defender,GIMENEZ Jose Maria,José María,GIMÉNEZ DE VARGAS,J. M. GIMÉNEZ,20/01/1995,CA Atlético Madrid (ESP),185
Uruguay,3,Defender,GODIN Diego,Diego Roberto,GODIN LEAL,D. GODIN,16/02/1986,CA Velez Sarseld (ARG),185
Uruguay,4,Defender,ARAUJO Ronald,Ronald Federico,ARAUJO DA SILVA,R. ARAUJO,07/03/1999,FC Barcelona (ESP),185
Uruguay,5,Midfielder,VECINO Matias,Matias,VECINO FALERO,M. VECINO,24/08/1991,SS Lazio (ITA),189
Uruguay,6,Midfielder,BENTANCUR Rodrigo,Rodrigo,BENTANCUR COLMAN,R. BENTANCUR,25/06/1997,Tottenham Hotspur FC (ENG),187
Uruguay,7,Midfielder,DE LA CRUZ Nicolas,Diego Nicolas,DE LA CRUZ ARCOSA,N. DE LA CRUZ,01/06/1997,CA River Plate (ARG),167
Uruguay,8,Forward,PELLISTRI Facundo,Facundo,PELLISTRI REBOLLO,F. PELLISTRI,20/12/2001,Manchester United FC (ENG),174
Uruguay,9,Forward,SUAREZ Luis,Luis Alberto,SUAREZ DIAZ,L. SUAREZ,24/01/1987,Nacional Montevideo (URU),182
Uruguay,10,Midfielder,DE ARRASCAETA Giorgian,Giorgian Daniel,DE ARRASCAETA BENEDETTI,G. DE ARRASCAETA,01/06/1994,CR Flamengo (BRA),177
Uruguay,11,Forward,NUNEZ Darwin,Darwin Gabriel,NUÑEZ RIBEIRO,D. NUÑEZ,24/06/1999,Liverpool FC (ENG),185
Uruguay,12,Goalkeeper,SOSA Sebastian,Carlos Sebastian,SOSA SILVA,S. SOSA,19/08/1986,CA Independiente (ARG),184
Uruguay,13,Defender,VARELA Guillermo,Guillermo,VARELA OLIVERA,G. VARELA,24/03/1993,CR Flamengo (BRA),173
Uruguay,14,Midfielder,TORREIRA Lucas,Lucas Sebastian,TORREIRA DI PASCUA,L. TORREIRA,11/02/1996,Galatasaray SK (TUR),168
Uruguay,15,Midfielder,VALVERDE Federico,Federico Santiago,VALVERDE DIPETTA,F. VALVERDE,22/07/1998,Real Madrid CF (ESP),182
Uruguay,16,Defender,OLIVERA Mathias,Mathias,OLIVERA MIRAMONTES,M. OLIVERA,31/10/1997,SSC Napoli (ITA),174
Uruguay,17,Defender,VINA Matias,Matias Nicolas,VIÑA SUSPERREGUY,M. VIÑA,09/11/1997,AS Roma (ITA),180
Uruguay,18,Forward,GOMEZ Maxi,Maximiliano,GÓMEZ GONZÁLEZ,M. GÓMEZ,14/08/1996,Trabzonspor (TUR),186
Uruguay,19,Defender,COATES Sebastian,Sebastián,COATES NION,S. COATES,07/10/1990,Sporting CP (POR),196
Uruguay,20,Forward,TORRES Facundo,Facundo Daniel,TORRES PEREZ,F. TORRES,13/04/2000,Orlando City SC (USA),175
Uruguay,21,Forward,CAVANI Edinson,Edinson Roberto,CAVANI GOMEZ,E. CAVANI,14/02/1987,Valencia CF (ESP),188
Uruguay,22,Defender,CACERES Martin,José Martín,CÁCERES SILVA,M. CÁCERES,07/04/1987,LA Galaxy (USA),178
Uruguay,23,Goalkeeper,ROCHET Sergio,Sergio Ramón,ROCHET ALVAREZ,S. ROCHET,23/03/1993,Nacional Montevideo (URU),189
Uruguay,24,Midfielder,CANOBBIO Agustin,Agustin,CANOBBIO GRAVIZ,A. CANOBBIO,01/10/1998,Athletico Paranaense (BRA),175
Uruguay,25,Midfielder,UGARTE Manuel,Manuel,UGARTE RIBEIRO,M. UGARTE,11/04/2001,Sporting CP (POR),182
Uruguay,26,Defender,RODRIGUEZ Jose Luis,Jose Luis,RODRIGUEZ BEBANZ,J. L. RODRIGUEZ,14/03/1997,Nacional Montevideo (URU),183
USA,1,Goalkeeper,TURNER Matt,Matthew Charles,TURNER,TURNER,24/06/1994,Arsenal FC (ENG),190
USA,2,Defender,DEST Sergino,Sergino Gianni,DEST,DEST,03/11/2000,AC Milan (ITA),173
USA,3,Defender,ZIMMERMAN Walker,Walker Dwain,ZIMMERMAN,ZIMMERMAN,19/05/1993,Nashville Soccer Club (USA),190
USA,4,Midfielder,ADAMS Tyler,Tyler Shaan,ADAMS,ADAMS,14/02/1999,Leeds United FC (ENG),175
USA,5,Defender,ROBINSON Antonee,Antonee,ROBINSON,ROBINSON,08/08/1997,Fulham FC (ENG),182
USA,6,Midfielder,MUSAH Yunus,Yunus Dimoara,MUSAH,MUSAH,29/11/2002,Valencia CF (ESP),177
USA,7,Forward,REYNA Giovanni,Giovanni Alejandro,REYNA,REYNA,13/11/2002,Borussia Dortmund (GER),185
USA,8,Midfielder,McKENNIE Weston,Weston James Earl,MCKENNIE,MCKENNIE,28/08/1998,Juventus FC (ITA),185
USA,9,Forward,FERREIRA Jesus,Jesus David,FERREIRA CASTRO,FERREIRA,24/12/2000,FC Dallas (USA),175
USA,10,Forward,PULISIC Christian,Christian Mate,PULISIC,PULISIC,18/09/1998,Chelsea FC (ENG),179
USA,11,Forward,AARONSON Brenden,Brenden Russell,AARONSON,AARONSON,22/10/2000,Leeds United FC (ENG),177
USA,12,Goalkeeper,HORVATH Ethan,Ethan Shea,HORVATH,HORVATH,09/06/1995,Luton Town FC (ENG),193
USA,13,Defender,REAM Tim,Timothy Michael,REAM,REAM,05/10/1987,Fulham FC (ENG),185
USA,14,Midfielder,DE LA TORRE Luca,Lucas Daniel,DE LA TORRE,DE LA TORRE,23/05/1998,RC Celta Vigo (ESP),178
USA,15,Defender,LONG Aaron,Aaron Ray,LONG,LONG,12/10/1992,New York Red Bulls (USA),188
USA,16,Forward,MORRIS Jordan,Jordan Perry,MORRIS,MORRIS,26/10/1994,Seattle Sounders FC (USA),183
USA,17,Midfielder,ROLDAN Cristian,Cristian,ROLDAN,ROLDAN,03/06/1995,Seattle Sounders FC (USA),172
USA,18,Defender,MOORE Shaq,Shaquell Kwame,MOORE,MOORE,02/11/1996,Nashville Soccer Club (USA),180
USA,19,Forward,WRIGHT Haji,Haji Amir,WRIGHT,WRIGHT,27/03/1998,Antalyaspor AS (TUR),191
USA,20,Defender,CARTER-VICKERS Cameron,Cameron Robert,CARTER-VICKERS,CARTER-VICKERS,31/12/1997,Celtic FC (SCO),185
USA,21,Forward,WEAH Timothy,Timothy Tarpeh,WEAH,WEAH,22/02/2000,Lille OSC (FRA),182
USA,22,Defender,YEDLIN DeAndre,De Andre Roselle,YEDLIN,YEDLIN,09/07/1993,Inter Miami FC (USA),171
USA,23,Midfielder,ACOSTA Kellyn,Kellyn Kai,PERRY-ACOSTA,ACOSTA,24/07/1995,Los Angeles FC (USA),177
USA,24,Forward,SARGENT Josh,Joshua Thomas,SARGENT,SARGENT,20/02/2000,Norwich City FC (ENG),185
USA,25,Goalkeeper,JOHNSON Sean,Sean Everet,JOHNSON,JOHNSON,31/05/1989,New York City FC (USA),190
USA,26,Defender,SCALLY Joe,Joseph Michael,SCALLY,SCALLY,31/12/2002,VfL Borussia Mönchengladbach (GER),184
Wales,1,Goalkeeper,HENNESSEY Wayne,Wayne Robert,HENNESSEY,HENNESSEY,24/01/1987,Nottingham Forest FC (ENG),198
Wales,2,Defender,GUNTER Chris,Christopher Ross,GUNTER,GUNTER,21/07/1989,AFC Wimbledon (ENG),180
Wales,3,Defender,WILLIAMS Neco,Neco Shay,WILLIAMS,N WILLIAMS,13/04/2001,Nottingham Forest FC (ENG),183
Wales,4,Defender,DAVIES Ben,Benjamin,THOMAS DAVIES,B DAVIES,24/04/1993,Tottenham Hotspur FC (ENG),181
Wales,5,Defender,MEPHAM Chris,Christopher James,MEPHAM,MEPHAM,05/11/1997,Bournemouth AFC (ENG),190
Wales,6,Defender,RODON Joe,Joseph Peter,RODON,RODON,22/10/1997,Stade Rennais FC (FRA),193
Wales,7,Midfielder,ALLEN Joe,Joseph Michael,ALLEN,ALLEN,14/03/1990,Swansea City AFC (WAL),170
Wales,8,Midfielder,WILSON Harry,Harry,WILSON,WILSON,22/03/1997,Fulham FC (ENG),173
Wales,9,Forward,JOHNSON Brennan,Brennan Price,JOHNSON,JOHNSON,23/05/2001,Nottingham Forest FC (ENG),179
Wales,10,Midfielder,RAMSEY Aaron,Aaron James,RAMSEY,RAMSEY,26/12/1990,OGC Nice (FRA),178
Wales,11,Forward,BALE Gareth,Gareth Frank,BALE,BALE,16/07/1989,Los Angeles FC (USA),186
Wales,12,Goalkeeper,WARD Danny,Daniel,WARD,WARD,22/06/1993,Leicester City FC (ENG),191
Wales,13,Forward,MOORE Kieffer,Kieffer Roberto Francisco,MOORE,MOORE,08/08/1992,Bournemouth AFC (ENG),196
Wales,14,Defender,ROBERTS Connor,Connor Richard John,ROBERTS,ROBERTS,23/09/1995,Burnley FC (ENG),175
Wales,15,Defender,AMPADU Ethan,Ethan Kwame Colm Raymond,AMPADU,AMPADU,14/09/2000,Spezia Calcio (ITA),183
Wales,16,Midfielder,MORRELL Joe,Joseff John,MORRELL,MORRELL,03/01/1997,Portsmouth FC (ENG),185
Wales,17,Defender,LOCKYER Tom,Thomas Alun,LOCKYER,LOCKYER,03/12/1994,Luton Town FC (ENG),185
Wales,18,Midfielder,WILLIAMS Jonny,Jonathan Peter,WILLIAMS,J WILLIAMS,09/10/1993,Swindon Town FC (ENG),168
Wales,19,Forward,HARRIS Mark,Thomas Mark,HARRIS,HARRIS,29/12/1998,Cardiff City FC (WAL),182
Wales,20,Forward,JAMES Daniel,Daniel Owen,JAMES,JAMES,10/11/1997,Fulham FC (ENG),171
Wales,21,Goalkeeper,DAVIES Adam,Adam Rhys,DAVIES,A DAVIES,17/07/1992,Sheeld United FC (ENG),185
Wales,22,Midfielder,THOMAS Sorba,Benjamin Sorba William,THOMAS,THOMAS,25/01/1999,Hudderseld Town FC (ENG),185
Wales,23,Midfielder,LEVITT Dylan,Dylan James Christopher,LEVITT,LEVITT,17/11/2000,Dundee United FC (SCO),180
Wales,24,Defender,CABANGO Ben,Benjamin George,CABANGO,CABANGO,30/05/2000,Swansea City AFC (WAL),186
Wales,25,Defender,COLWILL Rubin,Rubin James,COLWILL,COLWILL,27/04/2002,Cardiff City FC (WAL),169
Wales,26,Midfielder,SMITH Matt,Matthew Robert,SMITH,SMITH,22/11/1999,MK Dons FC (ENG),175